edge_id,source_work_id,target_work_id,reason_ids,reason_count
edge-a-funny-thing-happened-on-the-way-to-thor-s-hammer-2011-thor-2011,a-funny-thing-happened-on-the-way-to-thor-s-hammer-2011,thor-2011,reason-a-funny-thing-happened-on-the-way-to-thor-s-hammer-2011-thor-2011-explicit-relation-work-relation-a-funny-thing-happened-on-the-way-to-thor-s-hammer-2011-thor-2011-story-link,1
edge-agatha-all-along-2024-visionquest-2026-10-14,agatha-all-along-2024,visionquest-2026-10-14,reason-agatha-all-along-2024-visionquest-2026-10-14-explicit-relation-work-relation-agatha-all-along-2024-visionquest-2026-10-14-sequel,1
edge-agent-carter-one-shot-2013-marvel-s-agent-carter-series-20152016,agent-carter-one-shot-2013,marvel-s-agent-carter-series-20152016,reason-agent-carter-one-shot-2013-marvel-s-agent-carter-series-20152016-explicit-relation-work-relation-agent-carter-one-shot-2013-marvel-s-agent-carter-series-20152016-story-link,1
edge-all-hail-the-king-2014-shang-chi-and-the-legend-of-the-ten-rings-2021,all-hail-the-king-2014,shang-chi-and-the-legend-of-the-ten-rings-2021,reason-all-hail-the-king-2014-shang-chi-and-the-legend-of-the-ten-rings-2021-explicit-relation-work-relation-all-hail-the-king-2014-shang-chi-and-the-legend-of-the-ten-rings-2021-story-link,1
edge-ant-man-2015-ant-man-and-the-wasp-2018,ant-man-2015,ant-man-and-the-wasp-2018,reason-ant-man-2015-ant-man-and-the-wasp-2018-explicit-relation-work-relation-ant-man-2015-ant-man-and-the-wasp-2018-sequel,1
edge-ant-man-2015-captain-america-civil-war-2016,ant-man-2015,captain-america-civil-war-2016,reason-ant-man-2015-captain-america-civil-war-2016-explicit-relation-work-relation-ant-man-2015-captain-america-civil-war-2016-crossover,1
edge-ant-man-and-the-wasp-2018-ant-man-and-the-wasp-quantumania-2023,ant-man-and-the-wasp-2018,ant-man-and-the-wasp-quantumania-2023,reason-ant-man-and-the-wasp-2018-ant-man-and-the-wasp-quantumania-2023-explicit-relation-work-relation-ant-man-and-the-wasp-2018-ant-man-and-the-wasp-quantumania-2023-sequel,1
edge-ant-man-and-the-wasp-2018-avengers-endgame-2019,ant-man-and-the-wasp-2018,avengers-endgame-2019,reason-ant-man-and-the-wasp-2018-avengers-endgame-2019-explicit-relation-work-relation-ant-man-and-the-wasp-2018-avengers-endgame-2019-lead-in,1
edge-ant-man-and-the-wasp-2018-thunderbolts-new-avengers-2025,ant-man-and-the-wasp-2018,thunderbolts-new-avengers-2025,reason-ant-man-and-the-wasp-2018-thunderbolts-new-avengers-2025-explicit-relation-work-relation-ant-man-and-the-wasp-2018-thunderbolts-new-avengers-2025-lead-in,1
edge-ant-man-and-the-wasp-quantumania-2023-avengers-doomsday-2026-12-18,ant-man-and-the-wasp-quantumania-2023,avengers-doomsday-2026-12-18,reason-ant-man-and-the-wasp-quantumania-2023-avengers-doomsday-2026-12-18-explicit-relation-work-relation-ant-man-and-the-wasp-quantumania-2023-avengers-doomsday-2026-12-18-promotion,1
edge-avengers-age-of-ultron-2015-agents-of-s-h-i-e-l-d-20132020,avengers-age-of-ultron-2015,agents-of-s-h-i-e-l-d-20132020,reason-avengers-age-of-ultron-2015-agents-of-s-h-i-e-l-d-20132020-explicit-relation-work-relation-avengers-age-of-ultron-2015-agents-of-s-h-i-e-l-d-20132020-world-lore,1
edge-avengers-age-of-ultron-2015-avengers-doomsday-2026-12-18,avengers-age-of-ultron-2015,avengers-doomsday-2026-12-18,reason-avengers-age-of-ultron-2015-avengers-doomsday-2026-12-18-shared-entity-entity-x-7250204b23,1
edge-avengers-age-of-ultron-2015-avengers-endgame-2019,avengers-age-of-ultron-2015,avengers-endgame-2019,reason-avengers-age-of-ultron-2015-avengers-endgame-2019-shared-entity-entity-x-42251c0735|reason-avengers-age-of-ultron-2015-avengers-endgame-2019-shared-entity-entity-x-50a34df778|reason-avengers-age-of-ultron-2015-avengers-endgame-2019-shared-entity-entity-x-5a2ee964f0|reason-avengers-age-of-ultron-2015-avengers-endgame-2019-shared-entity-entity-x-605a05a114|reason-avengers-age-of-ultron-2015-avengers-endgame-2019-shared-entity-entity-x-7250204b23|reason-avengers-age-of-ultron-2015-avengers-endgame-2019-shared-entity-entity-x-927d19aa0b|reason-avengers-age-of-ultron-2015-avengers-endgame-2019-shared-entity-entity-x-f2dcf7c7cc,7
edge-avengers-age-of-ultron-2015-avengers-infinity-war-2018,avengers-age-of-ultron-2015,avengers-infinity-war-2018,reason-avengers-age-of-ultron-2015-avengers-infinity-war-2018-shared-entity-entity-x-42251c0735|reason-avengers-age-of-ultron-2015-avengers-infinity-war-2018-shared-entity-entity-x-50a34df778|reason-avengers-age-of-ultron-2015-avengers-infinity-war-2018-shared-entity-entity-x-5a2ee964f0|reason-avengers-age-of-ultron-2015-avengers-infinity-war-2018-shared-entity-entity-x-5d8d873f91|reason-avengers-age-of-ultron-2015-avengers-infinity-war-2018-shared-entity-entity-x-7250204b23|reason-avengers-age-of-ultron-2015-avengers-infinity-war-2018-shared-entity-entity-x-927d19aa0b|reason-avengers-age-of-ultron-2015-avengers-infinity-war-2018-shared-entity-entity-x-f2dcf7c7cc,7
edge-avengers-age-of-ultron-2015-black-panther-2018,avengers-age-of-ultron-2015,black-panther-2018,reason-avengers-age-of-ultron-2015-black-panther-2018-explicit-relation-work-relation-avengers-age-of-ultron-2015-black-panther-2018-world-lore,1
edge-avengers-age-of-ultron-2015-black-widow-2021,avengers-age-of-ultron-2015,black-widow-2021,reason-avengers-age-of-ultron-2015-black-widow-2021-shared-entity-entity-x-927d19aa0b,1
edge-avengers-age-of-ultron-2015-captain-america-civil-war-2016,avengers-age-of-ultron-2015,captain-america-civil-war-2016,reason-avengers-age-of-ultron-2015-captain-america-civil-war-2016-explicit-relation-work-relation-avengers-age-of-ultron-2015-captain-america-civil-war-2016-aftermath|reason-avengers-age-of-ultron-2015-captain-america-civil-war-2016-shared-entity-entity-x-42251c0735|reason-avengers-age-of-ultron-2015-captain-america-civil-war-2016-shared-entity-entity-x-5a2ee964f0|reason-avengers-age-of-ultron-2015-captain-america-civil-war-2016-shared-entity-entity-x-5d8d873f91|reason-avengers-age-of-ultron-2015-captain-america-civil-war-2016-shared-entity-entity-x-605a05a114|reason-avengers-age-of-ultron-2015-captain-america-civil-war-2016-shared-entity-entity-x-927d19aa0b|reason-avengers-age-of-ultron-2015-captain-america-civil-war-2016-shared-entity-entity-x-f2dcf7c7cc,7
edge-avengers-age-of-ultron-2015-doctor-strange-in-the-multiverse-of-madness-2022,avengers-age-of-ultron-2015,doctor-strange-in-the-multiverse-of-madness-2022,reason-avengers-age-of-ultron-2015-doctor-strange-in-the-multiverse-of-madness-2022-shared-entity-entity-x-42251c0735,1
edge-avengers-age-of-ultron-2015-hawkeye-2021,avengers-age-of-ultron-2015,hawkeye-2021,reason-avengers-age-of-ultron-2015-hawkeye-2021-shared-entity-entity-x-605a05a114,1
edge-avengers-age-of-ultron-2015-she-hulk-attorney-at-law-2022,avengers-age-of-ultron-2015,she-hulk-attorney-at-law-2022,reason-avengers-age-of-ultron-2015-she-hulk-attorney-at-law-2022-shared-entity-entity-x-50a34df778,1
edge-avengers-age-of-ultron-2015-spider-man-homecoming-2017,avengers-age-of-ultron-2015,spider-man-homecoming-2017,reason-avengers-age-of-ultron-2015-spider-man-homecoming-2017-shared-entity-entity-x-5a2ee964f0,1
edge-avengers-age-of-ultron-2015-thor-love-and-thunder-2022,avengers-age-of-ultron-2015,thor-love-and-thunder-2022,reason-avengers-age-of-ultron-2015-thor-love-and-thunder-2022-shared-entity-entity-x-7250204b23,1
edge-avengers-age-of-ultron-2015-thor-ragnarok-2017,avengers-age-of-ultron-2015,thor-ragnarok-2017,reason-avengers-age-of-ultron-2015-thor-ragnarok-2017-shared-entity-entity-x-50a34df778|reason-avengers-age-of-ultron-2015-thor-ragnarok-2017-shared-entity-entity-x-7250204b23,2
edge-avengers-age-of-ultron-2015-visionquest-2026-10-14,avengers-age-of-ultron-2015,visionquest-2026-10-14,reason-avengers-age-of-ultron-2015-visionquest-2026-10-14-explicit-relation-work-relation-avengers-age-of-ultron-2015-visionquest-2026-10-14-story-link|reason-avengers-age-of-ultron-2015-visionquest-2026-10-14-shared-entity-entity-x-5d8d873f91,2
edge-avengers-age-of-ultron-2015-wandavision-2021,avengers-age-of-ultron-2015,wandavision-2021,reason-avengers-age-of-ultron-2015-wandavision-2021-explicit-relation-work-relation-avengers-age-of-ultron-2015-wandavision-2021-story-link|reason-avengers-age-of-ultron-2015-wandavision-2021-shared-entity-entity-x-42251c0735|reason-avengers-age-of-ultron-2015-wandavision-2021-shared-entity-entity-x-5d8d873f91,3
edge-avengers-doomsday-2026-12-18-avengers-secret-wars-2027-12-17,avengers-doomsday-2026-12-18,avengers-secret-wars-2027-12-17,reason-avengers-doomsday-2026-12-18-avengers-secret-wars-2027-12-17-explicit-relation-work-relation-avengers-doomsday-2026-12-18-avengers-secret-wars-2027-12-17-story-link,1
edge-avengers-endgame-2019-ant-man-and-the-wasp-quantumania-2023,avengers-endgame-2019,ant-man-and-the-wasp-quantumania-2023,reason-avengers-endgame-2019-ant-man-and-the-wasp-quantumania-2023-explicit-relation-work-relation-avengers-endgame-2019-ant-man-and-the-wasp-quantumania-2023-world-lore,1
edge-avengers-endgame-2019-avengers-doomsday-2026-12-18,avengers-endgame-2019,avengers-doomsday-2026-12-18,reason-avengers-endgame-2019-avengers-doomsday-2026-12-18-explicit-relation-work-relation-avengers-endgame-2019-avengers-doomsday-2026-12-18-story-link|reason-avengers-endgame-2019-avengers-doomsday-2026-12-18-shared-entity-entity-x-7250204b23,2
edge-avengers-endgame-2019-black-panther-wakanda-forever-2022,avengers-endgame-2019,black-panther-wakanda-forever-2022,reason-avengers-endgame-2019-black-panther-wakanda-forever-2022-shared-entity-entity-x-6f5fa7e694,1
edge-avengers-endgame-2019-black-widow-2021,avengers-endgame-2019,black-widow-2021,reason-avengers-endgame-2019-black-widow-2021-shared-entity-entity-x-927d19aa0b,1
edge-avengers-endgame-2019-captain-america-brave-new-world-2025,avengers-endgame-2019,captain-america-brave-new-world-2025,reason-avengers-endgame-2019-captain-america-brave-new-world-2025-shared-entity-entity-x-fd344cdc17,1
edge-avengers-endgame-2019-doctor-strange-in-the-multiverse-of-madness-2022,avengers-endgame-2019,doctor-strange-in-the-multiverse-of-madness-2022,reason-avengers-endgame-2019-doctor-strange-in-the-multiverse-of-madness-2022-shared-entity-entity-x-42251c0735|reason-avengers-endgame-2019-doctor-strange-in-the-multiverse-of-madness-2022-shared-entity-entity-x-c8ead423cc,2
edge-avengers-endgame-2019-eternals-2021,avengers-endgame-2019,eternals-2021,reason-avengers-endgame-2019-eternals-2021-explicit-relation-work-relation-avengers-endgame-2019-eternals-2021-story-link,1
edge-avengers-endgame-2019-hawkeye-2021,avengers-endgame-2019,hawkeye-2021,reason-avengers-endgame-2019-hawkeye-2021-explicit-relation-work-relation-avengers-endgame-2019-hawkeye-2021-aftermath|reason-avengers-endgame-2019-hawkeye-2021-shared-entity-entity-x-605a05a114,2
edge-avengers-endgame-2019-loki-s1-2021,avengers-endgame-2019,loki-s1-2021,reason-avengers-endgame-2019-loki-s1-2021-explicit-relation-work-relation-avengers-endgame-2019-loki-s1-2021-story-link,1
edge-avengers-endgame-2019-she-hulk-attorney-at-law-2022,avengers-endgame-2019,she-hulk-attorney-at-law-2022,reason-avengers-endgame-2019-she-hulk-attorney-at-law-2022-shared-entity-entity-x-50a34df778,1
edge-avengers-endgame-2019-spider-man-brand-new-day-2026-07-31,avengers-endgame-2019,spider-man-brand-new-day-2026-07-31,reason-avengers-endgame-2019-spider-man-brand-new-day-2026-07-31-shared-entity-entity-mcu,1
edge-avengers-endgame-2019-spider-man-far-from-home-2019,avengers-endgame-2019,spider-man-far-from-home-2019,reason-avengers-endgame-2019-spider-man-far-from-home-2019-explicit-relation-work-relation-avengers-endgame-2019-spider-man-far-from-home-2019-aftermath|reason-avengers-endgame-2019-spider-man-far-from-home-2019-shared-entity-entity-mcu,2
edge-avengers-endgame-2019-spider-man-no-way-home-2021,avengers-endgame-2019,spider-man-no-way-home-2021,reason-avengers-endgame-2019-spider-man-no-way-home-2021-shared-entity-entity-mcu|reason-avengers-endgame-2019-spider-man-no-way-home-2021-shared-entity-entity-x-c8ead423cc,2
edge-avengers-endgame-2019-the-falcon-and-the-winter-soldier-2021,avengers-endgame-2019,the-falcon-and-the-winter-soldier-2021,reason-avengers-endgame-2019-the-falcon-and-the-winter-soldier-2021-explicit-relation-work-relation-avengers-endgame-2019-the-falcon-and-the-winter-soldier-2021-story-link|reason-avengers-endgame-2019-the-falcon-and-the-winter-soldier-2021-shared-entity-entity-x-bd73e23ab5|reason-avengers-endgame-2019-the-falcon-and-the-winter-soldier-2021-shared-entity-entity-x-fd344cdc17,3
edge-avengers-endgame-2019-the-marvels-2023,avengers-endgame-2019,the-marvels-2023,reason-avengers-endgame-2019-the-marvels-2023-shared-entity-entity-x-a6764da9a6,1
edge-avengers-endgame-2019-thor-love-and-thunder-2022,avengers-endgame-2019,thor-love-and-thunder-2022,reason-avengers-endgame-2019-thor-love-and-thunder-2022-shared-entity-entity-x-7250204b23,1
edge-avengers-endgame-2019-thunderbolts-new-avengers-2025,avengers-endgame-2019,thunderbolts-new-avengers-2025,reason-avengers-endgame-2019-thunderbolts-new-avengers-2025-shared-entity-entity-x-bd73e23ab5,1
edge-avengers-endgame-2019-wandavision-2021,avengers-endgame-2019,wandavision-2021,reason-avengers-endgame-2019-wandavision-2021-explicit-relation-work-relation-avengers-endgame-2019-wandavision-2021-story-link|reason-avengers-endgame-2019-wandavision-2021-shared-entity-entity-x-42251c0735,2
edge-avengers-infinity-war-2018-avengers-doomsday-2026-12-18,avengers-infinity-war-2018,avengers-doomsday-2026-12-18,reason-avengers-infinity-war-2018-avengers-doomsday-2026-12-18-shared-entity-entity-x-7250204b23,1
edge-avengers-infinity-war-2018-avengers-endgame-2019,avengers-infinity-war-2018,avengers-endgame-2019,reason-avengers-infinity-war-2018-avengers-endgame-2019-explicit-relation-work-relation-avengers-infinity-war-2018-avengers-endgame-2019-sequel|reason-avengers-infinity-war-2018-avengers-endgame-2019-shared-entity-entity-mcu|reason-avengers-infinity-war-2018-avengers-endgame-2019-shared-entity-entity-x-42251c0735|reason-avengers-infinity-war-2018-avengers-endgame-2019-shared-entity-entity-x-50a34df778|reason-avengers-infinity-war-2018-avengers-endgame-2019-shared-entity-entity-x-5a2ee964f0|reason-avengers-infinity-war-2018-avengers-endgame-2019-shared-entity-entity-x-6f5fa7e694|reason-avengers-infinity-war-2018-avengers-endgame-2019-shared-entity-entity-x-7250204b23|reason-avengers-infinity-war-2018-avengers-endgame-2019-shared-entity-entity-x-927d19aa0b|reason-avengers-infinity-war-2018-avengers-endgame-2019-shared-entity-entity-x-bd73e23ab5|reason-avengers-infinity-war-2018-avengers-endgame-2019-shared-entity-entity-x-c8ead423cc|reason-avengers-infinity-war-2018-avengers-endgame-2019-shared-entity-entity-x-f2dcf7c7cc|reason-avengers-infinity-war-2018-avengers-endgame-2019-shared-entity-entity-x-fd344cdc17,12
edge-avengers-infinity-war-2018-black-panther-wakanda-forever-2022,avengers-infinity-war-2018,black-panther-wakanda-forever-2022,reason-avengers-infinity-war-2018-black-panther-wakanda-forever-2022-shared-entity-entity-x-6f5fa7e694,1
edge-avengers-infinity-war-2018-black-widow-2021,avengers-infinity-war-2018,black-widow-2021,reason-avengers-infinity-war-2018-black-widow-2021-shared-entity-entity-x-927d19aa0b,1
edge-avengers-infinity-war-2018-captain-america-brave-new-world-2025,avengers-infinity-war-2018,captain-america-brave-new-world-2025,reason-avengers-infinity-war-2018-captain-america-brave-new-world-2025-shared-entity-entity-x-fd344cdc17,1
edge-avengers-infinity-war-2018-doctor-strange-in-the-multiverse-of-madness-2022,avengers-infinity-war-2018,doctor-strange-in-the-multiverse-of-madness-2022,reason-avengers-infinity-war-2018-doctor-strange-in-the-multiverse-of-madness-2022-shared-entity-entity-x-42251c0735|reason-avengers-infinity-war-2018-doctor-strange-in-the-multiverse-of-madness-2022-shared-entity-entity-x-c8ead423cc,2
edge-avengers-infinity-war-2018-loki-s1-2021,avengers-infinity-war-2018,loki-s1-2021,reason-avengers-infinity-war-2018-loki-s1-2021-shared-entity-entity-x-55e230260e,1
edge-avengers-infinity-war-2018-loki-s2-2023,avengers-infinity-war-2018,loki-s2-2023,reason-avengers-infinity-war-2018-loki-s2-2023-shared-entity-entity-x-55e230260e,1
edge-avengers-infinity-war-2018-she-hulk-attorney-at-law-2022,avengers-infinity-war-2018,she-hulk-attorney-at-law-2022,reason-avengers-infinity-war-2018-she-hulk-attorney-at-law-2022-shared-entity-entity-x-50a34df778,1
edge-avengers-infinity-war-2018-spider-man-brand-new-day-2026-07-31,avengers-infinity-war-2018,spider-man-brand-new-day-2026-07-31,reason-avengers-infinity-war-2018-spider-man-brand-new-day-2026-07-31-shared-entity-entity-mcu,1
edge-avengers-infinity-war-2018-spider-man-far-from-home-2019,avengers-infinity-war-2018,spider-man-far-from-home-2019,reason-avengers-infinity-war-2018-spider-man-far-from-home-2019-shared-entity-entity-mcu,1
edge-avengers-infinity-war-2018-spider-man-no-way-home-2021,avengers-infinity-war-2018,spider-man-no-way-home-2021,reason-avengers-infinity-war-2018-spider-man-no-way-home-2021-shared-entity-entity-mcu|reason-avengers-infinity-war-2018-spider-man-no-way-home-2021-shared-entity-entity-x-c8ead423cc,2
edge-avengers-infinity-war-2018-the-falcon-and-the-winter-soldier-2021,avengers-infinity-war-2018,the-falcon-and-the-winter-soldier-2021,reason-avengers-infinity-war-2018-the-falcon-and-the-winter-soldier-2021-shared-entity-entity-x-bd73e23ab5|reason-avengers-infinity-war-2018-the-falcon-and-the-winter-soldier-2021-shared-entity-entity-x-fd344cdc17,2
edge-avengers-infinity-war-2018-thor-love-and-thunder-2022,avengers-infinity-war-2018,thor-love-and-thunder-2022,reason-avengers-infinity-war-2018-thor-love-and-thunder-2022-shared-entity-entity-x-7250204b23,1
edge-avengers-infinity-war-2018-thunderbolts-new-avengers-2025,avengers-infinity-war-2018,thunderbolts-new-avengers-2025,reason-avengers-infinity-war-2018-thunderbolts-new-avengers-2025-shared-entity-entity-x-bd73e23ab5,1
edge-avengers-infinity-war-2018-visionquest-2026-10-14,avengers-infinity-war-2018,visionquest-2026-10-14,reason-avengers-infinity-war-2018-visionquest-2026-10-14-shared-entity-entity-x-5d8d873f91,1
edge-avengers-infinity-war-2018-wandavision-2021,avengers-infinity-war-2018,wandavision-2021,reason-avengers-infinity-war-2018-wandavision-2021-explicit-relation-work-relation-avengers-infinity-war-2018-wandavision-2021-story-link|reason-avengers-infinity-war-2018-wandavision-2021-shared-entity-entity-x-42251c0735|reason-avengers-infinity-war-2018-wandavision-2021-shared-entity-entity-x-5d8d873f91,3
edge-black-panther-2018-avengers-endgame-2019,black-panther-2018,avengers-endgame-2019,reason-black-panther-2018-avengers-endgame-2019-shared-entity-entity-x-6f5fa7e694,1
edge-black-panther-2018-avengers-infinity-war-2018,black-panther-2018,avengers-infinity-war-2018,reason-black-panther-2018-avengers-infinity-war-2018-explicit-relation-work-relation-black-panther-2018-avengers-infinity-war-2018-crossover|reason-black-panther-2018-avengers-infinity-war-2018-shared-entity-entity-x-6f5fa7e694,2
edge-black-panther-2018-black-panther-wakanda-forever-2022,black-panther-2018,black-panther-wakanda-forever-2022,reason-black-panther-2018-black-panther-wakanda-forever-2022-explicit-relation-work-relation-black-panther-2018-black-panther-wakanda-forever-2022-sequel|reason-black-panther-2018-black-panther-wakanda-forever-2022-shared-entity-entity-x-6f5fa7e694,2
edge-black-panther-2018-eyes-of-wakanda-2025,black-panther-2018,eyes-of-wakanda-2025,reason-black-panther-2018-eyes-of-wakanda-2025-explicit-relation-work-relation-black-panther-2018-eyes-of-wakanda-2025-world-lore,1
edge-black-panther-wakanda-forever-2022-ironheart-2025,black-panther-wakanda-forever-2022,ironheart-2025,reason-black-panther-wakanda-forever-2022-ironheart-2025-explicit-relation-work-relation-black-panther-wakanda-forever-2022-ironheart-2025-spinoff|reason-black-panther-wakanda-forever-2022-ironheart-2025-shared-entity-entity-x-f8ae7d551d,2
edge-black-widow-2021-hawkeye-2021,black-widow-2021,hawkeye-2021,reason-black-widow-2021-hawkeye-2021-shared-entity-entity-x-3cfb930336,1
edge-black-widow-2021-thunderbolts-new-avengers-2025,black-widow-2021,thunderbolts-new-avengers-2025,reason-black-widow-2021-thunderbolts-new-avengers-2025-shared-entity-entity-x-3cfb930336,1
edge-blade-1998-1998-blade-ii-2002,blade-1998-1998,blade-ii-2002,reason-blade-1998-1998-blade-ii-2002-explicit-relation-work-relation-blade-1998-1998-blade-ii-2002-sequel,1
edge-blade-ii-2002-blade-trinity-2004,blade-ii-2002,blade-trinity-2004,reason-blade-ii-2002-blade-trinity-2004-explicit-relation-work-relation-blade-ii-2002-blade-trinity-2004-sequel,1
edge-blade-trinity-2004-deadpool-wolverine-2024,blade-trinity-2004,deadpool-wolverine-2024,reason-blade-trinity-2004-deadpool-wolverine-2024-explicit-relation-work-relation-blade-trinity-2004-deadpool-wolverine-2024-crossover,1
edge-captain-america-brave-new-world-2025-avengers-doomsday-2026-12-18,captain-america-brave-new-world-2025,avengers-doomsday-2026-12-18,reason-captain-america-brave-new-world-2025-avengers-doomsday-2026-12-18-explicit-relation-work-relation-captain-america-brave-new-world-2025-avengers-doomsday-2026-12-18-promotion,1
edge-captain-america-civil-war-2016-agents-of-s-h-i-e-l-d-20132020,captain-america-civil-war-2016,agents-of-s-h-i-e-l-d-20132020,reason-captain-america-civil-war-2016-agents-of-s-h-i-e-l-d-20132020-explicit-relation-work-relation-captain-america-civil-war-2016-agents-of-s-h-i-e-l-d-20132020-world-lore,1
edge-captain-america-civil-war-2016-ant-man-and-the-wasp-2018,captain-america-civil-war-2016,ant-man-and-the-wasp-2018,reason-captain-america-civil-war-2016-ant-man-and-the-wasp-2018-explicit-relation-work-relation-captain-america-civil-war-2016-ant-man-and-the-wasp-2018-aftermath,1
edge-captain-america-civil-war-2016-avengers-endgame-2019,captain-america-civil-war-2016,avengers-endgame-2019,reason-captain-america-civil-war-2016-avengers-endgame-2019-shared-entity-entity-mcu|reason-captain-america-civil-war-2016-avengers-endgame-2019-shared-entity-entity-x-42251c0735|reason-captain-america-civil-war-2016-avengers-endgame-2019-shared-entity-entity-x-5a2ee964f0|reason-captain-america-civil-war-2016-avengers-endgame-2019-shared-entity-entity-x-605a05a114|reason-captain-america-civil-war-2016-avengers-endgame-2019-shared-entity-entity-x-927d19aa0b|reason-captain-america-civil-war-2016-avengers-endgame-2019-shared-entity-entity-x-bd73e23ab5|reason-captain-america-civil-war-2016-avengers-endgame-2019-shared-entity-entity-x-f2dcf7c7cc|reason-captain-america-civil-war-2016-avengers-endgame-2019-shared-entity-entity-x-fd344cdc17,8
edge-captain-america-civil-war-2016-avengers-infinity-war-2018,captain-america-civil-war-2016,avengers-infinity-war-2018,reason-captain-america-civil-war-2016-avengers-infinity-war-2018-explicit-relation-work-relation-captain-america-civil-war-2016-avengers-infinity-war-2018-crossover|reason-captain-america-civil-war-2016-avengers-infinity-war-2018-shared-entity-entity-mcu|reason-captain-america-civil-war-2016-avengers-infinity-war-2018-shared-entity-entity-x-42251c0735|reason-captain-america-civil-war-2016-avengers-infinity-war-2018-shared-entity-entity-x-5a2ee964f0|reason-captain-america-civil-war-2016-avengers-infinity-war-2018-shared-entity-entity-x-5d8d873f91|reason-captain-america-civil-war-2016-avengers-infinity-war-2018-shared-entity-entity-x-927d19aa0b|reason-captain-america-civil-war-2016-avengers-infinity-war-2018-shared-entity-entity-x-bd73e23ab5|reason-captain-america-civil-war-2016-avengers-infinity-war-2018-shared-entity-entity-x-f2dcf7c7cc|reason-captain-america-civil-war-2016-avengers-infinity-war-2018-shared-entity-entity-x-fd344cdc17,9
edge-captain-america-civil-war-2016-black-panther-2018,captain-america-civil-war-2016,black-panther-2018,reason-captain-america-civil-war-2016-black-panther-2018-explicit-relation-work-relation-captain-america-civil-war-2016-black-panther-2018-story-link,1
edge-captain-america-civil-war-2016-black-widow-2021,captain-america-civil-war-2016,black-widow-2021,reason-captain-america-civil-war-2016-black-widow-2021-explicit-relation-work-relation-captain-america-civil-war-2016-black-widow-2021-aftermath|reason-captain-america-civil-war-2016-black-widow-2021-shared-entity-entity-x-927d19aa0b,2
edge-captain-america-civil-war-2016-captain-america-brave-new-world-2025,captain-america-civil-war-2016,captain-america-brave-new-world-2025,reason-captain-america-civil-war-2016-captain-america-brave-new-world-2025-shared-entity-entity-x-fd344cdc17,1
edge-captain-america-civil-war-2016-doctor-strange-in-the-multiverse-of-madness-2022,captain-america-civil-war-2016,doctor-strange-in-the-multiverse-of-madness-2022,reason-captain-america-civil-war-2016-doctor-strange-in-the-multiverse-of-madness-2022-shared-entity-entity-x-42251c0735,1
edge-captain-america-civil-war-2016-hawkeye-2021,captain-america-civil-war-2016,hawkeye-2021,reason-captain-america-civil-war-2016-hawkeye-2021-shared-entity-entity-x-605a05a114,1
edge-captain-america-civil-war-2016-spider-man-brand-new-day-2026-07-31,captain-america-civil-war-2016,spider-man-brand-new-day-2026-07-31,reason-captain-america-civil-war-2016-spider-man-brand-new-day-2026-07-31-shared-entity-entity-mcu,1
edge-captain-america-civil-war-2016-spider-man-far-from-home-2019,captain-america-civil-war-2016,spider-man-far-from-home-2019,reason-captain-america-civil-war-2016-spider-man-far-from-home-2019-shared-entity-entity-mcu,1
edge-captain-america-civil-war-2016-spider-man-homecoming-2017,captain-america-civil-war-2016,spider-man-homecoming-2017,reason-captain-america-civil-war-2016-spider-man-homecoming-2017-explicit-relation-work-relation-captain-america-civil-war-2016-spider-man-homecoming-2017-story-link|reason-captain-america-civil-war-2016-spider-man-homecoming-2017-shared-entity-entity-mcu|reason-captain-america-civil-war-2016-spider-man-homecoming-2017-shared-entity-entity-x-5a2ee964f0,3
edge-captain-america-civil-war-2016-spider-man-no-way-home-2021,captain-america-civil-war-2016,spider-man-no-way-home-2021,reason-captain-america-civil-war-2016-spider-man-no-way-home-2021-shared-entity-entity-mcu,1
edge-captain-america-civil-war-2016-the-falcon-and-the-winter-soldier-2021,captain-america-civil-war-2016,the-falcon-and-the-winter-soldier-2021,reason-captain-america-civil-war-2016-the-falcon-and-the-winter-soldier-2021-shared-entity-entity-x-bd73e23ab5|reason-captain-america-civil-war-2016-the-falcon-and-the-winter-soldier-2021-shared-entity-entity-x-fd344cdc17,2
edge-captain-america-civil-war-2016-thunderbolts-new-avengers-2025,captain-america-civil-war-2016,thunderbolts-new-avengers-2025,reason-captain-america-civil-war-2016-thunderbolts-new-avengers-2025-shared-entity-entity-x-bd73e23ab5,1
edge-captain-america-civil-war-2016-visionquest-2026-10-14,captain-america-civil-war-2016,visionquest-2026-10-14,reason-captain-america-civil-war-2016-visionquest-2026-10-14-shared-entity-entity-x-5d8d873f91,1
edge-captain-america-civil-war-2016-wandavision-2021,captain-america-civil-war-2016,wandavision-2021,reason-captain-america-civil-war-2016-wandavision-2021-explicit-relation-work-relation-captain-america-civil-war-2016-wandavision-2021-world-lore|reason-captain-america-civil-war-2016-wandavision-2021-shared-entity-entity-x-42251c0735|reason-captain-america-civil-war-2016-wandavision-2021-shared-entity-entity-x-5d8d873f91,3
edge-captain-america-the-first-avenger-2011-agent-carter-one-shot-2013,captain-america-the-first-avenger-2011,agent-carter-one-shot-2013,reason-captain-america-the-first-avenger-2011-agent-carter-one-shot-2013-explicit-relation-work-relation-captain-america-the-first-avenger-2011-agent-carter-one-shot-2013-story-link,1
edge-captain-america-the-first-avenger-2011-avengers-age-of-ultron-2015,captain-america-the-first-avenger-2011,avengers-age-of-ultron-2015,reason-captain-america-the-first-avenger-2011-avengers-age-of-ultron-2015-shared-entity-entity-x-f2dcf7c7cc,1
edge-captain-america-the-first-avenger-2011-avengers-endgame-2019,captain-america-the-first-avenger-2011,avengers-endgame-2019,reason-captain-america-the-first-avenger-2011-avengers-endgame-2019-shared-entity-entity-x-bd73e23ab5|reason-captain-america-the-first-avenger-2011-avengers-endgame-2019-shared-entity-entity-x-f2dcf7c7cc,2
edge-captain-america-the-first-avenger-2011-avengers-infinity-war-2018,captain-america-the-first-avenger-2011,avengers-infinity-war-2018,reason-captain-america-the-first-avenger-2011-avengers-infinity-war-2018-shared-entity-entity-x-bd73e23ab5|reason-captain-america-the-first-avenger-2011-avengers-infinity-war-2018-shared-entity-entity-x-f2dcf7c7cc,2
edge-captain-america-the-first-avenger-2011-captain-america-civil-war-2016,captain-america-the-first-avenger-2011,captain-america-civil-war-2016,reason-captain-america-the-first-avenger-2011-captain-america-civil-war-2016-shared-entity-entity-x-bd73e23ab5|reason-captain-america-the-first-avenger-2011-captain-america-civil-war-2016-shared-entity-entity-x-f2dcf7c7cc,2
edge-captain-america-the-first-avenger-2011-captain-america-the-winter-soldier-2014,captain-america-the-first-avenger-2011,captain-america-the-winter-soldier-2014,reason-captain-america-the-first-avenger-2011-captain-america-the-winter-soldier-2014-explicit-relation-work-relation-captain-america-the-first-avenger-2011-captain-america-the-winter-soldier-2014-sequel|reason-captain-america-the-first-avenger-2011-captain-america-the-winter-soldier-2014-shared-entity-entity-x-bd73e23ab5|reason-captain-america-the-first-avenger-2011-captain-america-the-winter-soldier-2014-shared-entity-entity-x-f2dcf7c7cc,3
edge-captain-america-the-first-avenger-2011-the-avengers-2012,captain-america-the-first-avenger-2011,the-avengers-2012,reason-captain-america-the-first-avenger-2011-the-avengers-2012-explicit-relation-work-relation-captain-america-the-first-avenger-2011-the-avengers-2012-crossover|reason-captain-america-the-first-avenger-2011-the-avengers-2012-shared-entity-entity-x-f2dcf7c7cc,2
edge-captain-america-the-first-avenger-2011-the-falcon-and-the-winter-soldier-2021,captain-america-the-first-avenger-2011,the-falcon-and-the-winter-soldier-2021,reason-captain-america-the-first-avenger-2011-the-falcon-and-the-winter-soldier-2021-shared-entity-entity-x-bd73e23ab5,1
edge-captain-america-the-first-avenger-2011-thunderbolts-new-avengers-2025,captain-america-the-first-avenger-2011,thunderbolts-new-avengers-2025,reason-captain-america-the-first-avenger-2011-thunderbolts-new-avengers-2025-shared-entity-entity-x-bd73e23ab5,1
edge-captain-america-the-winter-soldier-2014-agents-of-s-h-i-e-l-d-20132020,captain-america-the-winter-soldier-2014,agents-of-s-h-i-e-l-d-20132020,reason-captain-america-the-winter-soldier-2014-agents-of-s-h-i-e-l-d-20132020-explicit-relation-work-relation-captain-america-the-winter-soldier-2014-agents-of-s-h-i-e-l-d-20132020-world-lore,1
edge-captain-america-the-winter-soldier-2014-avengers-age-of-ultron-2015,captain-america-the-winter-soldier-2014,avengers-age-of-ultron-2015,reason-captain-america-the-winter-soldier-2014-avengers-age-of-ultron-2015-explicit-relation-work-relation-captain-america-the-winter-soldier-2014-avengers-age-of-ultron-2015-crossover|reason-captain-america-the-winter-soldier-2014-avengers-age-of-ultron-2015-shared-entity-entity-x-927d19aa0b|reason-captain-america-the-winter-soldier-2014-avengers-age-of-ultron-2015-shared-entity-entity-x-f2dcf7c7cc,3
edge-captain-america-the-winter-soldier-2014-avengers-endgame-2019,captain-america-the-winter-soldier-2014,avengers-endgame-2019,reason-captain-america-the-winter-soldier-2014-avengers-endgame-2019-shared-entity-entity-x-927d19aa0b|reason-captain-america-the-winter-soldier-2014-avengers-endgame-2019-shared-entity-entity-x-bd73e23ab5|reason-captain-america-the-winter-soldier-2014-avengers-endgame-2019-shared-entity-entity-x-f2dcf7c7cc|reason-captain-america-the-winter-soldier-2014-avengers-endgame-2019-shared-entity-entity-x-fd344cdc17,4
edge-captain-america-the-winter-soldier-2014-avengers-infinity-war-2018,captain-america-the-winter-soldier-2014,avengers-infinity-war-2018,reason-captain-america-the-winter-soldier-2014-avengers-infinity-war-2018-shared-entity-entity-x-927d19aa0b|reason-captain-america-the-winter-soldier-2014-avengers-infinity-war-2018-shared-entity-entity-x-bd73e23ab5|reason-captain-america-the-winter-soldier-2014-avengers-infinity-war-2018-shared-entity-entity-x-f2dcf7c7cc|reason-captain-america-the-winter-soldier-2014-avengers-infinity-war-2018-shared-entity-entity-x-fd344cdc17,4
edge-captain-america-the-winter-soldier-2014-black-widow-2021,captain-america-the-winter-soldier-2014,black-widow-2021,reason-captain-america-the-winter-soldier-2014-black-widow-2021-shared-entity-entity-x-927d19aa0b,1
edge-captain-america-the-winter-soldier-2014-captain-america-brave-new-world-2025,captain-america-the-winter-soldier-2014,captain-america-brave-new-world-2025,reason-captain-america-the-winter-soldier-2014-captain-america-brave-new-world-2025-shared-entity-entity-x-fd344cdc17,1
edge-captain-america-the-winter-soldier-2014-captain-america-civil-war-2016,captain-america-the-winter-soldier-2014,captain-america-civil-war-2016,reason-captain-america-the-winter-soldier-2014-captain-america-civil-war-2016-explicit-relation-work-relation-captain-america-the-winter-soldier-2014-captain-america-civil-war-2016-sequel|reason-captain-america-the-winter-soldier-2014-captain-america-civil-war-2016-shared-entity-entity-x-927d19aa0b|reason-captain-america-the-winter-soldier-2014-captain-america-civil-war-2016-shared-entity-entity-x-bd73e23ab5|reason-captain-america-the-winter-soldier-2014-captain-america-civil-war-2016-shared-entity-entity-x-f2dcf7c7cc|reason-captain-america-the-winter-soldier-2014-captain-america-civil-war-2016-shared-entity-entity-x-fd344cdc17,5
edge-captain-america-the-winter-soldier-2014-the-falcon-and-the-winter-soldier-2021,captain-america-the-winter-soldier-2014,the-falcon-and-the-winter-soldier-2021,reason-captain-america-the-winter-soldier-2014-the-falcon-and-the-winter-soldier-2021-shared-entity-entity-x-bd73e23ab5|reason-captain-america-the-winter-soldier-2014-the-falcon-and-the-winter-soldier-2021-shared-entity-entity-x-fd344cdc17,2
edge-captain-america-the-winter-soldier-2014-thunderbolts-new-avengers-2025,captain-america-the-winter-soldier-2014,thunderbolts-new-avengers-2025,reason-captain-america-the-winter-soldier-2014-thunderbolts-new-avengers-2025-shared-entity-entity-x-bd73e23ab5,1
edge-captain-marvel-2019-avengers-endgame-2019,captain-marvel-2019,avengers-endgame-2019,reason-captain-marvel-2019-avengers-endgame-2019-explicit-relation-work-relation-captain-marvel-2019-avengers-endgame-2019-crossover|reason-captain-marvel-2019-avengers-endgame-2019-shared-entity-entity-x-a6764da9a6,2
edge-captain-marvel-2019-secret-invasion-2023,captain-marvel-2019,secret-invasion-2023,reason-captain-marvel-2019-secret-invasion-2023-explicit-relation-work-relation-captain-marvel-2019-secret-invasion-2023-world-lore,1
edge-captain-marvel-2019-the-marvels-2023,captain-marvel-2019,the-marvels-2023,reason-captain-marvel-2019-the-marvels-2023-explicit-relation-work-relation-captain-marvel-2019-the-marvels-2023-sequel|reason-captain-marvel-2019-the-marvels-2023-shared-entity-entity-x-06c4fa169e|reason-captain-marvel-2019-the-marvels-2023-shared-entity-entity-x-a6764da9a6,3
edge-captain-marvel-2019-wandavision-2021,captain-marvel-2019,wandavision-2021,reason-captain-marvel-2019-wandavision-2021-shared-entity-entity-x-06c4fa169e,1
edge-cloak-dagger-20182019-runaways-20172019,cloak-dagger-20182019,runaways-20172019,reason-cloak-dagger-20182019-runaways-20172019-explicit-relation-work-relation-cloak-dagger-20182019-runaways-20172019-crossover,1
edge-daredevil-2003-elektra-2005,daredevil-2003,elektra-2005,reason-daredevil-2003-elektra-2005-explicit-relation-work-relation-daredevil-2003-elektra-2005-spinoff,1
edge-daredevil-born-again-s1-2025-daredevil-born-again-s2-2026,daredevil-born-again-s1-2025,daredevil-born-again-s2-2026,reason-daredevil-born-again-s1-2025-daredevil-born-again-s2-2026-explicit-relation-work-relation-daredevil-born-again-s1-2025-daredevil-born-again-s2-2026-sequel|reason-daredevil-born-again-s1-2025-daredevil-born-again-s2-2026-shared-entity-entity-x-97f9d29354|reason-daredevil-born-again-s1-2025-daredevil-born-again-s2-2026-shared-entity-entity-x-b42511d738,3
edge-daredevil-born-again-s1-2025-spider-man-brand-new-day-2026-07-31,daredevil-born-again-s1-2025,spider-man-brand-new-day-2026-07-31,reason-daredevil-born-again-s1-2025-spider-man-brand-new-day-2026-07-31-shared-entity-entity-x-cacda9afb6,1
edge-daredevil-born-again-s1-2025-the-punisher-one-last-kill-2026-05-12,daredevil-born-again-s1-2025,the-punisher-one-last-kill-2026-05-12,reason-daredevil-born-again-s1-2025-the-punisher-one-last-kill-2026-05-12-shared-entity-entity-x-cacda9afb6,1
edge-daredevil-born-again-s2-2026-daredevil-born-again-s3-tba,daredevil-born-again-s2-2026,daredevil-born-again-s3-tba,reason-daredevil-born-again-s2-2026-daredevil-born-again-s3-tba-explicit-relation-work-relation-daredevil-born-again-s2-2026-daredevil-born-again-s3-tba-sequel,1
edge-daredevil-born-again-s2-2026-the-punisher-one-last-kill-2026-05-12,daredevil-born-again-s2-2026,the-punisher-one-last-kill-2026-05-12,reason-daredevil-born-again-s2-2026-the-punisher-one-last-kill-2026-05-12-explicit-relation-work-relation-daredevil-born-again-s2-2026-the-punisher-one-last-kill-2026-05-12-crossover,1
edge-daredevil-s1-2015-daredevil-born-again-s1-2025,daredevil-s1-2015,daredevil-born-again-s1-2025,reason-daredevil-s1-2015-daredevil-born-again-s1-2025-shared-entity-entity-x-97f9d29354|reason-daredevil-s1-2015-daredevil-born-again-s1-2025-shared-entity-entity-x-b42511d738,2
edge-daredevil-s1-2015-daredevil-born-again-s2-2026,daredevil-s1-2015,daredevil-born-again-s2-2026,reason-daredevil-s1-2015-daredevil-born-again-s2-2026-shared-entity-entity-x-97f9d29354|reason-daredevil-s1-2015-daredevil-born-again-s2-2026-shared-entity-entity-x-b42511d738,2
edge-daredevil-s1-2015-daredevil-s2-2016,daredevil-s1-2015,daredevil-s2-2016,reason-daredevil-s1-2015-daredevil-s2-2016-explicit-relation-work-relation-daredevil-s1-2015-daredevil-s2-2016-sequel|reason-daredevil-s1-2015-daredevil-s2-2016-shared-entity-entity-x-97f9d29354|reason-daredevil-s1-2015-daredevil-s2-2016-shared-entity-entity-x-b42511d738,3
edge-daredevil-s1-2015-daredevil-s3-2018,daredevil-s1-2015,daredevil-s3-2018,reason-daredevil-s1-2015-daredevil-s3-2018-shared-entity-entity-x-97f9d29354|reason-daredevil-s1-2015-daredevil-s3-2018-shared-entity-entity-x-b42511d738,2
edge-daredevil-s1-2015-echo-2024,daredevil-s1-2015,echo-2024,reason-daredevil-s1-2015-echo-2024-shared-entity-entity-x-97f9d29354|reason-daredevil-s1-2015-echo-2024-shared-entity-entity-x-b42511d738,2
edge-daredevil-s1-2015-hawkeye-2021,daredevil-s1-2015,hawkeye-2021,reason-daredevil-s1-2015-hawkeye-2021-shared-entity-entity-x-b42511d738,1
edge-daredevil-s1-2015-she-hulk-attorney-at-law-2022,daredevil-s1-2015,she-hulk-attorney-at-law-2022,reason-daredevil-s1-2015-she-hulk-attorney-at-law-2022-shared-entity-entity-x-97f9d29354,1
edge-daredevil-s1-2015-spider-man-no-way-home-2021,daredevil-s1-2015,spider-man-no-way-home-2021,reason-daredevil-s1-2015-spider-man-no-way-home-2021-shared-entity-entity-x-97f9d29354,1
edge-daredevil-s1-2015-the-defenders-2017,daredevil-s1-2015,the-defenders-2017,reason-daredevil-s1-2015-the-defenders-2017-shared-entity-entity-x-97f9d29354,1
edge-daredevil-s2-2016-daredevil-born-again-s1-2025,daredevil-s2-2016,daredevil-born-again-s1-2025,reason-daredevil-s2-2016-daredevil-born-again-s1-2025-shared-entity-entity-x-97f9d29354|reason-daredevil-s2-2016-daredevil-born-again-s1-2025-shared-entity-entity-x-b42511d738|reason-daredevil-s2-2016-daredevil-born-again-s1-2025-shared-entity-entity-x-cacda9afb6,3
edge-daredevil-s2-2016-daredevil-born-again-s2-2026,daredevil-s2-2016,daredevil-born-again-s2-2026,reason-daredevil-s2-2016-daredevil-born-again-s2-2026-shared-entity-entity-x-97f9d29354|reason-daredevil-s2-2016-daredevil-born-again-s2-2026-shared-entity-entity-x-b42511d738,2
edge-daredevil-s2-2016-daredevil-s3-2018,daredevil-s2-2016,daredevil-s3-2018,reason-daredevil-s2-2016-daredevil-s3-2018-shared-entity-entity-x-97f9d29354|reason-daredevil-s2-2016-daredevil-s3-2018-shared-entity-entity-x-b42511d738,2
edge-daredevil-s2-2016-echo-2024,daredevil-s2-2016,echo-2024,reason-daredevil-s2-2016-echo-2024-shared-entity-entity-x-97f9d29354|reason-daredevil-s2-2016-echo-2024-shared-entity-entity-x-b42511d738,2
edge-daredevil-s2-2016-hawkeye-2021,daredevil-s2-2016,hawkeye-2021,reason-daredevil-s2-2016-hawkeye-2021-shared-entity-entity-x-b42511d738,1
edge-daredevil-s2-2016-she-hulk-attorney-at-law-2022,daredevil-s2-2016,she-hulk-attorney-at-law-2022,reason-daredevil-s2-2016-she-hulk-attorney-at-law-2022-shared-entity-entity-x-97f9d29354,1
edge-daredevil-s2-2016-spider-man-brand-new-day-2026-07-31,daredevil-s2-2016,spider-man-brand-new-day-2026-07-31,reason-daredevil-s2-2016-spider-man-brand-new-day-2026-07-31-shared-entity-entity-x-cacda9afb6,1
edge-daredevil-s2-2016-spider-man-no-way-home-2021,daredevil-s2-2016,spider-man-no-way-home-2021,reason-daredevil-s2-2016-spider-man-no-way-home-2021-shared-entity-entity-x-97f9d29354,1
edge-daredevil-s2-2016-the-defenders-2017,daredevil-s2-2016,the-defenders-2017,reason-daredevil-s2-2016-the-defenders-2017-explicit-relation-work-relation-daredevil-s2-2016-the-defenders-2017-crossover|reason-daredevil-s2-2016-the-defenders-2017-shared-entity-entity-x-97f9d29354,2
edge-daredevil-s2-2016-the-punisher-one-last-kill-2026-05-12,daredevil-s2-2016,the-punisher-one-last-kill-2026-05-12,reason-daredevil-s2-2016-the-punisher-one-last-kill-2026-05-12-shared-entity-entity-x-cacda9afb6,1
edge-daredevil-s2-2016-the-punisher-s1-2017,daredevil-s2-2016,the-punisher-s1-2017,reason-daredevil-s2-2016-the-punisher-s1-2017-explicit-relation-work-relation-daredevil-s2-2016-the-punisher-s1-2017-spinoff|reason-daredevil-s2-2016-the-punisher-s1-2017-shared-entity-entity-x-cacda9afb6,2
edge-daredevil-s2-2016-the-punisher-s2-2019,daredevil-s2-2016,the-punisher-s2-2019,reason-daredevil-s2-2016-the-punisher-s2-2019-shared-entity-entity-x-cacda9afb6,1
edge-daredevil-s3-2018-daredevil-born-again-s1-2025,daredevil-s3-2018,daredevil-born-again-s1-2025,reason-daredevil-s3-2018-daredevil-born-again-s1-2025-explicit-relation-work-relation-daredevil-s3-2018-daredevil-born-again-s1-2025-sequel|reason-daredevil-s3-2018-daredevil-born-again-s1-2025-shared-entity-entity-x-97f9d29354|reason-daredevil-s3-2018-daredevil-born-again-s1-2025-shared-entity-entity-x-b42511d738,3
edge-daredevil-s3-2018-daredevil-born-again-s2-2026,daredevil-s3-2018,daredevil-born-again-s2-2026,reason-daredevil-s3-2018-daredevil-born-again-s2-2026-shared-entity-entity-x-97f9d29354|reason-daredevil-s3-2018-daredevil-born-again-s2-2026-shared-entity-entity-x-b42511d738,2
edge-daredevil-s3-2018-echo-2024,daredevil-s3-2018,echo-2024,reason-daredevil-s3-2018-echo-2024-shared-entity-entity-x-97f9d29354|reason-daredevil-s3-2018-echo-2024-shared-entity-entity-x-b42511d738,2
edge-daredevil-s3-2018-hawkeye-2021,daredevil-s3-2018,hawkeye-2021,reason-daredevil-s3-2018-hawkeye-2021-shared-entity-entity-x-b42511d738,1
edge-daredevil-s3-2018-she-hulk-attorney-at-law-2022,daredevil-s3-2018,she-hulk-attorney-at-law-2022,reason-daredevil-s3-2018-she-hulk-attorney-at-law-2022-shared-entity-entity-x-97f9d29354,1
edge-daredevil-s3-2018-spider-man-no-way-home-2021,daredevil-s3-2018,spider-man-no-way-home-2021,reason-daredevil-s3-2018-spider-man-no-way-home-2021-shared-entity-entity-x-97f9d29354,1
edge-deadpool-2-2018-deadpool-wolverine-2024,deadpool-2-2018,deadpool-wolverine-2024,reason-deadpool-2-2018-deadpool-wolverine-2024-explicit-relation-work-relation-deadpool-2-2018-deadpool-wolverine-2024-story-link|reason-deadpool-2-2018-deadpool-wolverine-2024-shared-entity-entity-x-06b270750e,2
edge-deadpool-2016-deadpool-2-2018,deadpool-2016,deadpool-2-2018,reason-deadpool-2016-deadpool-2-2018-explicit-relation-work-relation-deadpool-2016-deadpool-2-2018-sequel|reason-deadpool-2016-deadpool-2-2018-shared-entity-entity-x-06b270750e,2
edge-deadpool-2016-deadpool-wolverine-2024,deadpool-2016,deadpool-wolverine-2024,reason-deadpool-2016-deadpool-wolverine-2024-shared-entity-entity-x-06b270750e,1
edge-deadpool-wolverine-2024-avengers-doomsday-2026-12-18,deadpool-wolverine-2024,avengers-doomsday-2026-12-18,reason-deadpool-wolverine-2024-avengers-doomsday-2026-12-18-explicit-relation-work-relation-deadpool-wolverine-2024-avengers-doomsday-2026-12-18-crossover,1
edge-doctor-strange-2016-avengers-endgame-2019,doctor-strange-2016,avengers-endgame-2019,reason-doctor-strange-2016-avengers-endgame-2019-shared-entity-entity-x-c8ead423cc,1
edge-doctor-strange-2016-avengers-infinity-war-2018,doctor-strange-2016,avengers-infinity-war-2018,reason-doctor-strange-2016-avengers-infinity-war-2018-explicit-relation-work-relation-doctor-strange-2016-avengers-infinity-war-2018-crossover|reason-doctor-strange-2016-avengers-infinity-war-2018-shared-entity-entity-x-c8ead423cc,2
edge-doctor-strange-2016-doctor-strange-in-the-multiverse-of-madness-2022,doctor-strange-2016,doctor-strange-in-the-multiverse-of-madness-2022,reason-doctor-strange-2016-doctor-strange-in-the-multiverse-of-madness-2022-explicit-relation-work-relation-doctor-strange-2016-doctor-strange-in-the-multiverse-of-madness-2022-sequel|reason-doctor-strange-2016-doctor-strange-in-the-multiverse-of-madness-2022-shared-entity-entity-x-c8ead423cc,2
edge-doctor-strange-2016-spider-man-no-way-home-2021,doctor-strange-2016,spider-man-no-way-home-2021,reason-doctor-strange-2016-spider-man-no-way-home-2021-shared-entity-entity-x-c8ead423cc,1
edge-doctor-strange-2016-thor-ragnarok-2017,doctor-strange-2016,thor-ragnarok-2017,reason-doctor-strange-2016-thor-ragnarok-2017-explicit-relation-work-relation-doctor-strange-2016-thor-ragnarok-2017-story-link,1
edge-echo-2024-daredevil-born-again-s1-2025,echo-2024,daredevil-born-again-s1-2025,reason-echo-2024-daredevil-born-again-s1-2025-explicit-relation-work-relation-echo-2024-daredevil-born-again-s1-2025-story-link|reason-echo-2024-daredevil-born-again-s1-2025-shared-entity-entity-x-97f9d29354|reason-echo-2024-daredevil-born-again-s1-2025-shared-entity-entity-x-b42511d738,3
edge-echo-2024-daredevil-born-again-s2-2026,echo-2024,daredevil-born-again-s2-2026,reason-echo-2024-daredevil-born-again-s2-2026-shared-entity-entity-x-97f9d29354|reason-echo-2024-daredevil-born-again-s2-2026-shared-entity-entity-x-b42511d738,2
edge-elektra-2005-deadpool-wolverine-2024,elektra-2005,deadpool-wolverine-2024,reason-elektra-2005-deadpool-wolverine-2024-explicit-relation-work-relation-elektra-2005-deadpool-wolverine-2024-crossover,1
edge-fantastic-four-2005-fantastic-four-rise-of-the-silver-surfer-2007,fantastic-four-2005,fantastic-four-rise-of-the-silver-surfer-2007,reason-fantastic-four-2005-fantastic-four-rise-of-the-silver-surfer-2007-explicit-relation-work-relation-fantastic-four-2005-fantastic-four-rise-of-the-silver-surfer-2007-sequel,1
edge-fantastic-four-rise-of-the-silver-surfer-2007-deadpool-wolverine-2024,fantastic-four-rise-of-the-silver-surfer-2007,deadpool-wolverine-2024,reason-fantastic-four-rise-of-the-silver-surfer-2007-deadpool-wolverine-2024-explicit-relation-work-relation-fantastic-four-rise-of-the-silver-surfer-2007-deadpool-wolverine-2024-crossover,1
edge-guardians-of-the-galaxy-2014-captain-marvel-2019,guardians-of-the-galaxy-2014,captain-marvel-2019,reason-guardians-of-the-galaxy-2014-captain-marvel-2019-explicit-relation-work-relation-guardians-of-the-galaxy-2014-captain-marvel-2019-lead-in,1
edge-guardians-of-the-galaxy-2014-guardians-of-the-galaxy-vol-2-2017,guardians-of-the-galaxy-2014,guardians-of-the-galaxy-vol-2-2017,reason-guardians-of-the-galaxy-2014-guardians-of-the-galaxy-vol-2-2017-explicit-relation-work-relation-guardians-of-the-galaxy-2014-guardians-of-the-galaxy-vol-2-2017-sequel,1
edge-guardians-of-the-galaxy-vol-2-2017-avengers-infinity-war-2018,guardians-of-the-galaxy-vol-2-2017,avengers-infinity-war-2018,reason-guardians-of-the-galaxy-vol-2-2017-avengers-infinity-war-2018-explicit-relation-work-relation-guardians-of-the-galaxy-vol-2-2017-avengers-infinity-war-2018-crossover,1
edge-guardians-of-the-galaxy-vol-2-2017-i-am-groot-s1-2022,guardians-of-the-galaxy-vol-2-2017,i-am-groot-s1-2022,reason-guardians-of-the-galaxy-vol-2-2017-i-am-groot-s1-2022-explicit-relation-work-relation-guardians-of-the-galaxy-vol-2-2017-i-am-groot-s1-2022-story-link,1
edge-guardians-of-the-galaxy-vol-2-2017-the-guardians-of-the-galaxy-holiday-special-2022,guardians-of-the-galaxy-vol-2-2017,the-guardians-of-the-galaxy-holiday-special-2022,reason-guardians-of-the-galaxy-vol-2-2017-the-guardians-of-the-galaxy-holiday-special-2022-explicit-relation-work-relation-guardians-of-the-galaxy-vol-2-2017-the-guardians-of-the-galaxy-holiday-special-2022-story-link,1
edge-hawkeye-2021-daredevil-born-again-s1-2025,hawkeye-2021,daredevil-born-again-s1-2025,reason-hawkeye-2021-daredevil-born-again-s1-2025-explicit-relation-work-relation-hawkeye-2021-daredevil-born-again-s1-2025-lead-in|reason-hawkeye-2021-daredevil-born-again-s1-2025-shared-entity-entity-x-b42511d738,2
edge-hawkeye-2021-daredevil-born-again-s2-2026,hawkeye-2021,daredevil-born-again-s2-2026,reason-hawkeye-2021-daredevil-born-again-s2-2026-shared-entity-entity-x-b42511d738,1
edge-hawkeye-2021-echo-2024,hawkeye-2021,echo-2024,reason-hawkeye-2021-echo-2024-explicit-relation-work-relation-hawkeye-2021-echo-2024-spinoff|reason-hawkeye-2021-echo-2024-shared-entity-entity-x-b42511d738,2
edge-hawkeye-2021-the-marvels-2023,hawkeye-2021,the-marvels-2023,reason-hawkeye-2021-the-marvels-2023-shared-entity-entity-x-513bb16625,1
edge-hawkeye-2021-thunderbolts-new-avengers-2025,hawkeye-2021,thunderbolts-new-avengers-2025,reason-hawkeye-2021-thunderbolts-new-avengers-2025-shared-entity-entity-x-3cfb930336,1
edge-i-am-groot-s1-2022-i-am-groot-s2-2023,i-am-groot-s1-2022,i-am-groot-s2-2023,reason-i-am-groot-s1-2022-i-am-groot-s2-2023-explicit-relation-work-relation-i-am-groot-s1-2022-i-am-groot-s2-2023-sequel,1
edge-inhumans-2017-doctor-strange-in-the-multiverse-of-madness-2022,inhumans-2017,doctor-strange-in-the-multiverse-of-madness-2022,reason-inhumans-2017-doctor-strange-in-the-multiverse-of-madness-2022-explicit-relation-work-relation-inhumans-2017-doctor-strange-in-the-multiverse-of-madness-2022-variant-callback,1
edge-iron-fist-s1-2017-iron-fist-s2-2018,iron-fist-s1-2017,iron-fist-s2-2018,reason-iron-fist-s1-2017-iron-fist-s2-2018-explicit-relation-work-relation-iron-fist-s1-2017-iron-fist-s2-2018-sequel,1
edge-iron-fist-s1-2017-the-defenders-2017,iron-fist-s1-2017,the-defenders-2017,reason-iron-fist-s1-2017-the-defenders-2017-explicit-relation-work-relation-iron-fist-s1-2017-the-defenders-2017-crossover,1
edge-iron-man-2-2010-a-funny-thing-happened-on-the-way-to-thor-s-hammer-2011,iron-man-2-2010,a-funny-thing-happened-on-the-way-to-thor-s-hammer-2011,reason-iron-man-2-2010-a-funny-thing-happened-on-the-way-to-thor-s-hammer-2011-explicit-relation-work-relation-iron-man-2-2010-a-funny-thing-happened-on-the-way-to-thor-s-hammer-2011-story-link,1
edge-iron-man-2-2010-avengers-age-of-ultron-2015,iron-man-2-2010,avengers-age-of-ultron-2015,reason-iron-man-2-2010-avengers-age-of-ultron-2015-shared-entity-entity-x-5a2ee964f0|reason-iron-man-2-2010-avengers-age-of-ultron-2015-shared-entity-entity-x-927d19aa0b,2
edge-iron-man-2-2010-avengers-endgame-2019,iron-man-2-2010,avengers-endgame-2019,reason-iron-man-2-2010-avengers-endgame-2019-shared-entity-entity-x-5a2ee964f0|reason-iron-man-2-2010-avengers-endgame-2019-shared-entity-entity-x-927d19aa0b,2
edge-iron-man-2-2010-avengers-infinity-war-2018,iron-man-2-2010,avengers-infinity-war-2018,reason-iron-man-2-2010-avengers-infinity-war-2018-shared-entity-entity-x-5a2ee964f0|reason-iron-man-2-2010-avengers-infinity-war-2018-shared-entity-entity-x-927d19aa0b,2
edge-iron-man-2-2010-black-widow-2021,iron-man-2-2010,black-widow-2021,reason-iron-man-2-2010-black-widow-2021-shared-entity-entity-x-927d19aa0b,1
edge-iron-man-2-2010-captain-america-civil-war-2016,iron-man-2-2010,captain-america-civil-war-2016,reason-iron-man-2-2010-captain-america-civil-war-2016-shared-entity-entity-x-5a2ee964f0|reason-iron-man-2-2010-captain-america-civil-war-2016-shared-entity-entity-x-927d19aa0b,2
edge-iron-man-2-2010-captain-america-the-winter-soldier-2014,iron-man-2-2010,captain-america-the-winter-soldier-2014,reason-iron-man-2-2010-captain-america-the-winter-soldier-2014-shared-entity-entity-x-927d19aa0b,1
edge-iron-man-2-2010-iron-man-3-2013,iron-man-2-2010,iron-man-3-2013,reason-iron-man-2-2010-iron-man-3-2013-explicit-relation-work-relation-iron-man-2-2010-iron-man-3-2013-sequel|reason-iron-man-2-2010-iron-man-3-2013-shared-entity-entity-x-5a2ee964f0,2
edge-iron-man-2-2010-spider-man-homecoming-2017,iron-man-2-2010,spider-man-homecoming-2017,reason-iron-man-2-2010-spider-man-homecoming-2017-shared-entity-entity-x-5a2ee964f0,1
edge-iron-man-2-2010-the-avengers-2012,iron-man-2-2010,the-avengers-2012,reason-iron-man-2-2010-the-avengers-2012-explicit-relation-work-relation-iron-man-2-2010-the-avengers-2012-crossover|reason-iron-man-2-2010-the-avengers-2012-shared-entity-entity-x-5a2ee964f0|reason-iron-man-2-2010-the-avengers-2012-shared-entity-entity-x-927d19aa0b,3
edge-iron-man-2-2010-thor-2011,iron-man-2-2010,thor-2011,reason-iron-man-2-2010-thor-2011-explicit-relation-work-relation-iron-man-2-2010-thor-2011-world-lore,1
edge-iron-man-2008-avengers-age-of-ultron-2015,iron-man-2008,avengers-age-of-ultron-2015,reason-iron-man-2008-avengers-age-of-ultron-2015-shared-entity-entity-x-5a2ee964f0,1
edge-iron-man-2008-avengers-endgame-2019,iron-man-2008,avengers-endgame-2019,reason-iron-man-2008-avengers-endgame-2019-shared-entity-entity-x-5a2ee964f0,1
edge-iron-man-2008-avengers-infinity-war-2018,iron-man-2008,avengers-infinity-war-2018,reason-iron-man-2008-avengers-infinity-war-2018-shared-entity-entity-x-5a2ee964f0,1
edge-iron-man-2008-captain-america-civil-war-2016,iron-man-2008,captain-america-civil-war-2016,reason-iron-man-2008-captain-america-civil-war-2016-shared-entity-entity-x-5a2ee964f0,1
edge-iron-man-2008-iron-man-2-2010,iron-man-2008,iron-man-2-2010,reason-iron-man-2008-iron-man-2-2010-explicit-relation-work-relation-iron-man-2008-iron-man-2-2010-sequel|reason-iron-man-2008-iron-man-2-2010-shared-entity-entity-x-5a2ee964f0,2
edge-iron-man-2008-iron-man-3-2013,iron-man-2008,iron-man-3-2013,reason-iron-man-2008-iron-man-3-2013-shared-entity-entity-x-5a2ee964f0,1
edge-iron-man-2008-spider-man-homecoming-2017,iron-man-2008,spider-man-homecoming-2017,reason-iron-man-2008-spider-man-homecoming-2017-shared-entity-entity-x-5a2ee964f0,1
edge-iron-man-2008-the-avengers-2012,iron-man-2008,the-avengers-2012,reason-iron-man-2008-the-avengers-2012-shared-entity-entity-x-5a2ee964f0,1
edge-iron-man-3-2013-all-hail-the-king-2014,iron-man-3-2013,all-hail-the-king-2014,reason-iron-man-3-2013-all-hail-the-king-2014-explicit-relation-work-relation-iron-man-3-2013-all-hail-the-king-2014-sequel,1
edge-iron-man-3-2013-avengers-age-of-ultron-2015,iron-man-3-2013,avengers-age-of-ultron-2015,reason-iron-man-3-2013-avengers-age-of-ultron-2015-explicit-relation-work-relation-iron-man-3-2013-avengers-age-of-ultron-2015-story-link|reason-iron-man-3-2013-avengers-age-of-ultron-2015-shared-entity-entity-x-5a2ee964f0,2
edge-iron-man-3-2013-avengers-endgame-2019,iron-man-3-2013,avengers-endgame-2019,reason-iron-man-3-2013-avengers-endgame-2019-shared-entity-entity-x-5a2ee964f0,1
edge-iron-man-3-2013-avengers-infinity-war-2018,iron-man-3-2013,avengers-infinity-war-2018,reason-iron-man-3-2013-avengers-infinity-war-2018-shared-entity-entity-x-5a2ee964f0,1
edge-iron-man-3-2013-captain-america-civil-war-2016,iron-man-3-2013,captain-america-civil-war-2016,reason-iron-man-3-2013-captain-america-civil-war-2016-shared-entity-entity-x-5a2ee964f0,1
edge-iron-man-3-2013-spider-man-homecoming-2017,iron-man-3-2013,spider-man-homecoming-2017,reason-iron-man-3-2013-spider-man-homecoming-2017-shared-entity-entity-x-5a2ee964f0,1
edge-jessica-jones-s1-2015-jessica-jones-s2-2018,jessica-jones-s1-2015,jessica-jones-s2-2018,reason-jessica-jones-s1-2015-jessica-jones-s2-2018-explicit-relation-work-relation-jessica-jones-s1-2015-jessica-jones-s2-2018-sequel,1
edge-jessica-jones-s1-2015-the-defenders-2017,jessica-jones-s1-2015,the-defenders-2017,reason-jessica-jones-s1-2015-the-defenders-2017-explicit-relation-work-relation-jessica-jones-s1-2015-the-defenders-2017-crossover,1
edge-jessica-jones-s2-2018-jessica-jones-s3-2019,jessica-jones-s2-2018,jessica-jones-s3-2019,reason-jessica-jones-s2-2018-jessica-jones-s3-2019-explicit-relation-work-relation-jessica-jones-s2-2018-jessica-jones-s3-2019-sequel,1
edge-logan-2017-deadpool-wolverine-2024,logan-2017,deadpool-wolverine-2024,reason-logan-2017-deadpool-wolverine-2024-explicit-relation-work-relation-logan-2017-deadpool-wolverine-2024-story-link,1
edge-loki-s1-2021-loki-s2-2023,loki-s1-2021,loki-s2-2023,reason-loki-s1-2021-loki-s2-2023-explicit-relation-work-relation-loki-s1-2021-loki-s2-2023-sequel|reason-loki-s1-2021-loki-s2-2023-shared-entity-entity-x-55e230260e,2
edge-loki-s2-2023-deadpool-wolverine-2024,loki-s2-2023,deadpool-wolverine-2024,reason-loki-s2-2023-deadpool-wolverine-2024-explicit-relation-work-relation-loki-s2-2023-deadpool-wolverine-2024-crossover,1
edge-luke-cage-s1-2016-luke-cage-s2-2018,luke-cage-s1-2016,luke-cage-s2-2018,reason-luke-cage-s1-2016-luke-cage-s2-2018-explicit-relation-work-relation-luke-cage-s1-2016-luke-cage-s2-2018-sequel,1
edge-luke-cage-s1-2016-the-defenders-2017,luke-cage-s1-2016,the-defenders-2017,reason-luke-cage-s1-2016-the-defenders-2017-explicit-relation-work-relation-luke-cage-s1-2016-the-defenders-2017-crossover,1
edge-ms-marvel-2022-the-marvels-2023,ms-marvel-2022,the-marvels-2023,reason-ms-marvel-2022-the-marvels-2023-explicit-relation-work-relation-ms-marvel-2022-the-marvels-2023-story-link|reason-ms-marvel-2022-the-marvels-2023-shared-entity-entity-x-b51df877f5,2
edge-secret-invasion-2023-the-marvels-2023,secret-invasion-2023,the-marvels-2023,reason-secret-invasion-2023-the-marvels-2023-explicit-relation-work-relation-secret-invasion-2023-the-marvels-2023-world-lore,1
edge-shang-chi-and-the-legend-of-the-ten-rings-2021-avengers-doomsday-2026-12-18,shang-chi-and-the-legend-of-the-ten-rings-2021,avengers-doomsday-2026-12-18,reason-shang-chi-and-the-legend-of-the-ten-rings-2021-avengers-doomsday-2026-12-18-explicit-relation-work-relation-shang-chi-and-the-legend-of-the-ten-rings-2021-avengers-doomsday-2026-12-18-promotion,1
edge-she-hulk-attorney-at-law-2022-daredevil-born-again-s1-2025,she-hulk-attorney-at-law-2022,daredevil-born-again-s1-2025,reason-she-hulk-attorney-at-law-2022-daredevil-born-again-s1-2025-explicit-relation-work-relation-she-hulk-attorney-at-law-2022-daredevil-born-again-s1-2025-story-link|reason-she-hulk-attorney-at-law-2022-daredevil-born-again-s1-2025-shared-entity-entity-x-97f9d29354,2
edge-she-hulk-attorney-at-law-2022-daredevil-born-again-s2-2026,she-hulk-attorney-at-law-2022,daredevil-born-again-s2-2026,reason-she-hulk-attorney-at-law-2022-daredevil-born-again-s2-2026-shared-entity-entity-x-97f9d29354,1
edge-she-hulk-attorney-at-law-2022-echo-2024,she-hulk-attorney-at-law-2022,echo-2024,reason-she-hulk-attorney-at-law-2022-echo-2024-shared-entity-entity-x-97f9d29354,1
edge-spider-man-2-2004-spider-man-3-2007,spider-man-2-2004,spider-man-3-2007,reason-spider-man-2-2004-spider-man-3-2007-explicit-relation-work-relation-spider-man-2-2004-spider-man-3-2007-sequel|reason-spider-man-2-2004-spider-man-3-2007-shared-entity-entity-x-f162d4b4b2,2
edge-spider-man-2-2004-spider-man-no-way-home-2021,spider-man-2-2004,spider-man-no-way-home-2021,reason-spider-man-2-2004-spider-man-no-way-home-2021-shared-entity-entity-x-f162d4b4b2,1
edge-spider-man-2002-spider-man-2-2004,spider-man-2002,spider-man-2-2004,reason-spider-man-2002-spider-man-2-2004-explicit-relation-work-relation-spider-man-2002-spider-man-2-2004-sequel|reason-spider-man-2002-spider-man-2-2004-shared-entity-entity-x-f162d4b4b2,2
edge-spider-man-2002-spider-man-3-2007,spider-man-2002,spider-man-3-2007,reason-spider-man-2002-spider-man-3-2007-shared-entity-entity-x-f162d4b4b2,1
edge-spider-man-2002-spider-man-no-way-home-2021,spider-man-2002,spider-man-no-way-home-2021,reason-spider-man-2002-spider-man-no-way-home-2021-shared-entity-entity-x-f162d4b4b2,1
edge-spider-man-3-2007-spider-man-no-way-home-2021,spider-man-3-2007,spider-man-no-way-home-2021,reason-spider-man-3-2007-spider-man-no-way-home-2021-multiverse-transition-event-nwh-raimi-peter-arrival-event-occurrence-nwh-raimi-peter-arrival|reason-spider-man-3-2007-spider-man-no-way-home-2021-shared-entity-entity-x-f162d4b4b2,2
edge-spider-man-across-the-spider-verse-2023-spider-man-beyond-the-spider-verse-tba,spider-man-across-the-spider-verse-2023,spider-man-beyond-the-spider-verse-tba,reason-spider-man-across-the-spider-verse-2023-spider-man-beyond-the-spider-verse-tba-explicit-relation-work-relation-spider-man-across-the-spider-verse-2023-spider-man-beyond-the-spider-verse-tba-sequel,1
edge-spider-man-far-from-home-2019-secret-invasion-2023,spider-man-far-from-home-2019,secret-invasion-2023,reason-spider-man-far-from-home-2019-secret-invasion-2023-explicit-relation-work-relation-spider-man-far-from-home-2019-secret-invasion-2023-world-lore,1
edge-spider-man-far-from-home-2019-spider-man-brand-new-day-2026-07-31,spider-man-far-from-home-2019,spider-man-brand-new-day-2026-07-31,reason-spider-man-far-from-home-2019-spider-man-brand-new-day-2026-07-31-shared-entity-entity-mcu,1
edge-spider-man-far-from-home-2019-spider-man-no-way-home-2021,spider-man-far-from-home-2019,spider-man-no-way-home-2021,reason-spider-man-far-from-home-2019-spider-man-no-way-home-2021-explicit-relation-work-relation-spider-man-far-from-home-2019-spider-man-no-way-home-2021-sequel|reason-spider-man-far-from-home-2019-spider-man-no-way-home-2021-shared-entity-entity-mcu,2
edge-spider-man-homecoming-2017-avengers-endgame-2019,spider-man-homecoming-2017,avengers-endgame-2019,reason-spider-man-homecoming-2017-avengers-endgame-2019-shared-entity-entity-mcu|reason-spider-man-homecoming-2017-avengers-endgame-2019-shared-entity-entity-x-5a2ee964f0,2
edge-spider-man-homecoming-2017-avengers-infinity-war-2018,spider-man-homecoming-2017,avengers-infinity-war-2018,reason-spider-man-homecoming-2017-avengers-infinity-war-2018-explicit-relation-work-relation-spider-man-homecoming-2017-avengers-infinity-war-2018-crossover|reason-spider-man-homecoming-2017-avengers-infinity-war-2018-shared-entity-entity-mcu|reason-spider-man-homecoming-2017-avengers-infinity-war-2018-shared-entity-entity-x-5a2ee964f0,3
edge-spider-man-homecoming-2017-morbius-2022,spider-man-homecoming-2017,morbius-2022,reason-spider-man-homecoming-2017-morbius-2022-multiverse-transition-event-morbius-adrian-toomes-ssu-arrival-event-occurrence-morbius-adrian-toomes-ssu-arrival|reason-spider-man-homecoming-2017-morbius-2022-shared-entity-entity-adrian-toomes-vulture,2
edge-spider-man-homecoming-2017-spider-man-brand-new-day-2026-07-31,spider-man-homecoming-2017,spider-man-brand-new-day-2026-07-31,reason-spider-man-homecoming-2017-spider-man-brand-new-day-2026-07-31-shared-entity-entity-mcu,1
edge-spider-man-homecoming-2017-spider-man-far-from-home-2019,spider-man-homecoming-2017,spider-man-far-from-home-2019,reason-spider-man-homecoming-2017-spider-man-far-from-home-2019-explicit-relation-work-relation-spider-man-homecoming-2017-spider-man-far-from-home-2019-sequel|reason-spider-man-homecoming-2017-spider-man-far-from-home-2019-shared-entity-entity-mcu,2
edge-spider-man-homecoming-2017-spider-man-no-way-home-2021,spider-man-homecoming-2017,spider-man-no-way-home-2021,reason-spider-man-homecoming-2017-spider-man-no-way-home-2021-shared-entity-entity-mcu,1
edge-spider-man-into-the-spider-verse-2018-spider-man-across-the-spider-verse-2023,spider-man-into-the-spider-verse-2018,spider-man-across-the-spider-verse-2023,reason-spider-man-into-the-spider-verse-2018-spider-man-across-the-spider-verse-2023-explicit-relation-work-relation-spider-man-into-the-spider-verse-2018-spider-man-across-the-spider-verse-2023-sequel,1
edge-spider-man-no-way-home-2021-daredevil-born-again-s1-2025,spider-man-no-way-home-2021,daredevil-born-again-s1-2025,reason-spider-man-no-way-home-2021-daredevil-born-again-s1-2025-shared-entity-entity-x-97f9d29354,1
edge-spider-man-no-way-home-2021-daredevil-born-again-s2-2026,spider-man-no-way-home-2021,daredevil-born-again-s2-2026,reason-spider-man-no-way-home-2021-daredevil-born-again-s2-2026-shared-entity-entity-x-97f9d29354,1
edge-spider-man-no-way-home-2021-doctor-strange-in-the-multiverse-of-madness-2022,spider-man-no-way-home-2021,doctor-strange-in-the-multiverse-of-madness-2022,reason-spider-man-no-way-home-2021-doctor-strange-in-the-multiverse-of-madness-2022-explicit-relation-work-relation-spider-man-no-way-home-2021-doctor-strange-in-the-multiverse-of-madness-2022-crossover|reason-spider-man-no-way-home-2021-doctor-strange-in-the-multiverse-of-madness-2022-shared-entity-entity-x-c8ead423cc,2
edge-spider-man-no-way-home-2021-echo-2024,spider-man-no-way-home-2021,echo-2024,reason-spider-man-no-way-home-2021-echo-2024-shared-entity-entity-x-97f9d29354,1
edge-spider-man-no-way-home-2021-morbius-2022,spider-man-no-way-home-2021,morbius-2022,reason-spider-man-no-way-home-2021-morbius-2022-explicit-relation-work-relation-spider-man-no-way-home-2021-morbius-2022-crossover,1
edge-spider-man-no-way-home-2021-she-hulk-attorney-at-law-2022,spider-man-no-way-home-2021,she-hulk-attorney-at-law-2022,reason-spider-man-no-way-home-2021-she-hulk-attorney-at-law-2022-shared-entity-entity-x-97f9d29354,1
edge-spider-man-no-way-home-2021-spider-man-brand-new-day-2026-07-31,spider-man-no-way-home-2021,spider-man-brand-new-day-2026-07-31,reason-spider-man-no-way-home-2021-spider-man-brand-new-day-2026-07-31-explicit-relation-work-relation-spider-man-no-way-home-2021-spider-man-brand-new-day-2026-07-31-story-link|reason-spider-man-no-way-home-2021-spider-man-brand-new-day-2026-07-31-shared-entity-entity-mcu,2
edge-the-amazing-spider-man-2-2014-spider-man-no-way-home-2021,the-amazing-spider-man-2-2014,spider-man-no-way-home-2021,reason-the-amazing-spider-man-2-2014-spider-man-no-way-home-2021-multiverse-transition-event-nwh-webb-peter-arrival-event-occurrence-nwh-webb-peter-arrival|reason-the-amazing-spider-man-2-2014-spider-man-no-way-home-2021-shared-entity-entity-x-f8b1d323de,2
edge-the-amazing-spider-man-2012-spider-man-no-way-home-2021,the-amazing-spider-man-2012,spider-man-no-way-home-2021,reason-the-amazing-spider-man-2012-spider-man-no-way-home-2021-shared-entity-entity-x-f8b1d323de,1
edge-the-amazing-spider-man-2012-the-amazing-spider-man-2-2014,the-amazing-spider-man-2012,the-amazing-spider-man-2-2014,reason-the-amazing-spider-man-2012-the-amazing-spider-man-2-2014-explicit-relation-work-relation-the-amazing-spider-man-2012-the-amazing-spider-man-2-2014-sequel|reason-the-amazing-spider-man-2012-the-amazing-spider-man-2-2014-shared-entity-entity-x-f8b1d323de,2
edge-the-avengers-2012-agents-of-s-h-i-e-l-d-20132020,the-avengers-2012,agents-of-s-h-i-e-l-d-20132020,reason-the-avengers-2012-agents-of-s-h-i-e-l-d-20132020-explicit-relation-work-relation-the-avengers-2012-agents-of-s-h-i-e-l-d-20132020-world-lore,1
edge-the-avengers-2012-avengers-age-of-ultron-2015,the-avengers-2012,avengers-age-of-ultron-2015,reason-the-avengers-2012-avengers-age-of-ultron-2015-explicit-relation-work-relation-the-avengers-2012-avengers-age-of-ultron-2015-sequel|reason-the-avengers-2012-avengers-age-of-ultron-2015-shared-entity-entity-x-50a34df778|reason-the-avengers-2012-avengers-age-of-ultron-2015-shared-entity-entity-x-5a2ee964f0|reason-the-avengers-2012-avengers-age-of-ultron-2015-shared-entity-entity-x-605a05a114|reason-the-avengers-2012-avengers-age-of-ultron-2015-shared-entity-entity-x-7250204b23|reason-the-avengers-2012-avengers-age-of-ultron-2015-shared-entity-entity-x-927d19aa0b|reason-the-avengers-2012-avengers-age-of-ultron-2015-shared-entity-entity-x-f2dcf7c7cc,7
edge-the-avengers-2012-avengers-doomsday-2026-12-18,the-avengers-2012,avengers-doomsday-2026-12-18,reason-the-avengers-2012-avengers-doomsday-2026-12-18-shared-entity-entity-x-7250204b23,1
edge-the-avengers-2012-avengers-endgame-2019,the-avengers-2012,avengers-endgame-2019,reason-the-avengers-2012-avengers-endgame-2019-shared-entity-entity-x-50a34df778|reason-the-avengers-2012-avengers-endgame-2019-shared-entity-entity-x-5a2ee964f0|reason-the-avengers-2012-avengers-endgame-2019-shared-entity-entity-x-605a05a114|reason-the-avengers-2012-avengers-endgame-2019-shared-entity-entity-x-7250204b23|reason-the-avengers-2012-avengers-endgame-2019-shared-entity-entity-x-927d19aa0b|reason-the-avengers-2012-avengers-endgame-2019-shared-entity-entity-x-f2dcf7c7cc,6
edge-the-avengers-2012-avengers-infinity-war-2018,the-avengers-2012,avengers-infinity-war-2018,reason-the-avengers-2012-avengers-infinity-war-2018-shared-entity-entity-x-50a34df778|reason-the-avengers-2012-avengers-infinity-war-2018-shared-entity-entity-x-55e230260e|reason-the-avengers-2012-avengers-infinity-war-2018-shared-entity-entity-x-5a2ee964f0|reason-the-avengers-2012-avengers-infinity-war-2018-shared-entity-entity-x-7250204b23|reason-the-avengers-2012-avengers-infinity-war-2018-shared-entity-entity-x-927d19aa0b|reason-the-avengers-2012-avengers-infinity-war-2018-shared-entity-entity-x-f2dcf7c7cc,6
edge-the-avengers-2012-black-widow-2021,the-avengers-2012,black-widow-2021,reason-the-avengers-2012-black-widow-2021-shared-entity-entity-x-927d19aa0b,1
edge-the-avengers-2012-captain-america-civil-war-2016,the-avengers-2012,captain-america-civil-war-2016,reason-the-avengers-2012-captain-america-civil-war-2016-shared-entity-entity-x-5a2ee964f0|reason-the-avengers-2012-captain-america-civil-war-2016-shared-entity-entity-x-605a05a114|reason-the-avengers-2012-captain-america-civil-war-2016-shared-entity-entity-x-927d19aa0b|reason-the-avengers-2012-captain-america-civil-war-2016-shared-entity-entity-x-f2dcf7c7cc,4
edge-the-avengers-2012-captain-america-the-winter-soldier-2014,the-avengers-2012,captain-america-the-winter-soldier-2014,reason-the-avengers-2012-captain-america-the-winter-soldier-2014-explicit-relation-work-relation-the-avengers-2012-captain-america-the-winter-soldier-2014-world-lore|reason-the-avengers-2012-captain-america-the-winter-soldier-2014-shared-entity-entity-x-927d19aa0b|reason-the-avengers-2012-captain-america-the-winter-soldier-2014-shared-entity-entity-x-f2dcf7c7cc,3
edge-the-avengers-2012-hawkeye-2021,the-avengers-2012,hawkeye-2021,reason-the-avengers-2012-hawkeye-2021-shared-entity-entity-x-605a05a114,1
edge-the-avengers-2012-iron-man-3-2013,the-avengers-2012,iron-man-3-2013,reason-the-avengers-2012-iron-man-3-2013-explicit-relation-work-relation-the-avengers-2012-iron-man-3-2013-aftermath|reason-the-avengers-2012-iron-man-3-2013-shared-entity-entity-x-5a2ee964f0,2
edge-the-avengers-2012-item-47-2012,the-avengers-2012,item-47-2012,reason-the-avengers-2012-item-47-2012-explicit-relation-work-relation-the-avengers-2012-item-47-2012-sequel,1
edge-the-avengers-2012-loki-s1-2021,the-avengers-2012,loki-s1-2021,reason-the-avengers-2012-loki-s1-2021-shared-entity-entity-x-55e230260e,1
edge-the-avengers-2012-loki-s2-2023,the-avengers-2012,loki-s2-2023,reason-the-avengers-2012-loki-s2-2023-shared-entity-entity-x-55e230260e,1
edge-the-avengers-2012-she-hulk-attorney-at-law-2022,the-avengers-2012,she-hulk-attorney-at-law-2022,reason-the-avengers-2012-she-hulk-attorney-at-law-2022-shared-entity-entity-x-50a34df778,1
edge-the-avengers-2012-spider-man-homecoming-2017,the-avengers-2012,spider-man-homecoming-2017,reason-the-avengers-2012-spider-man-homecoming-2017-shared-entity-entity-x-5a2ee964f0,1
edge-the-avengers-2012-thor-love-and-thunder-2022,the-avengers-2012,thor-love-and-thunder-2022,reason-the-avengers-2012-thor-love-and-thunder-2022-shared-entity-entity-x-7250204b23,1
edge-the-avengers-2012-thor-ragnarok-2017,the-avengers-2012,thor-ragnarok-2017,reason-the-avengers-2012-thor-ragnarok-2017-shared-entity-entity-x-50a34df778|reason-the-avengers-2012-thor-ragnarok-2017-shared-entity-entity-x-55e230260e|reason-the-avengers-2012-thor-ragnarok-2017-shared-entity-entity-x-7250204b23,3
edge-the-avengers-2012-thor-the-dark-world-2013,the-avengers-2012,thor-the-dark-world-2013,reason-the-avengers-2012-thor-the-dark-world-2013-shared-entity-entity-x-55e230260e|reason-the-avengers-2012-thor-the-dark-world-2013-shared-entity-entity-x-7250204b23,2
edge-the-consultant-2011-the-avengers-2012,the-consultant-2011,the-avengers-2012,reason-the-consultant-2011-the-avengers-2012-explicit-relation-work-relation-the-consultant-2011-the-avengers-2012-story-link,1
edge-the-defenders-2017-daredevil-born-again-s1-2025,the-defenders-2017,daredevil-born-again-s1-2025,reason-the-defenders-2017-daredevil-born-again-s1-2025-shared-entity-entity-x-97f9d29354,1
edge-the-defenders-2017-daredevil-born-again-s2-2026,the-defenders-2017,daredevil-born-again-s2-2026,reason-the-defenders-2017-daredevil-born-again-s2-2026-shared-entity-entity-x-97f9d29354,1
edge-the-defenders-2017-daredevil-s3-2018,the-defenders-2017,daredevil-s3-2018,reason-the-defenders-2017-daredevil-s3-2018-explicit-relation-work-relation-the-defenders-2017-daredevil-s3-2018-aftermath|reason-the-defenders-2017-daredevil-s3-2018-shared-entity-entity-x-97f9d29354,2
edge-the-defenders-2017-echo-2024,the-defenders-2017,echo-2024,reason-the-defenders-2017-echo-2024-shared-entity-entity-x-97f9d29354,1
edge-the-defenders-2017-iron-fist-s2-2018,the-defenders-2017,iron-fist-s2-2018,reason-the-defenders-2017-iron-fist-s2-2018-explicit-relation-work-relation-the-defenders-2017-iron-fist-s2-2018-story-link,1
edge-the-defenders-2017-jessica-jones-s2-2018,the-defenders-2017,jessica-jones-s2-2018,reason-the-defenders-2017-jessica-jones-s2-2018-explicit-relation-work-relation-the-defenders-2017-jessica-jones-s2-2018-story-link,1
edge-the-defenders-2017-luke-cage-s2-2018,the-defenders-2017,luke-cage-s2-2018,reason-the-defenders-2017-luke-cage-s2-2018-explicit-relation-work-relation-the-defenders-2017-luke-cage-s2-2018-story-link,1
edge-the-defenders-2017-she-hulk-attorney-at-law-2022,the-defenders-2017,she-hulk-attorney-at-law-2022,reason-the-defenders-2017-she-hulk-attorney-at-law-2022-shared-entity-entity-x-97f9d29354,1
edge-the-defenders-2017-spider-man-no-way-home-2021,the-defenders-2017,spider-man-no-way-home-2021,reason-the-defenders-2017-spider-man-no-way-home-2021-shared-entity-entity-x-97f9d29354,1
edge-the-falcon-and-the-winter-soldier-2021-captain-america-brave-new-world-2025,the-falcon-and-the-winter-soldier-2021,captain-america-brave-new-world-2025,reason-the-falcon-and-the-winter-soldier-2021-captain-america-brave-new-world-2025-explicit-relation-work-relation-the-falcon-and-the-winter-soldier-2021-captain-america-brave-new-world-2025-story-link|reason-the-falcon-and-the-winter-soldier-2021-captain-america-brave-new-world-2025-shared-entity-entity-x-fd344cdc17,2
edge-the-falcon-and-the-winter-soldier-2021-thunderbolts-new-avengers-2025,the-falcon-and-the-winter-soldier-2021,thunderbolts-new-avengers-2025,reason-the-falcon-and-the-winter-soldier-2021-thunderbolts-new-avengers-2025-explicit-relation-work-relation-the-falcon-and-the-winter-soldier-2021-thunderbolts-new-avengers-2025-lead-in|reason-the-falcon-and-the-winter-soldier-2021-thunderbolts-new-avengers-2025-shared-entity-entity-x-bd73e23ab5,2
edge-the-fantastic-four-first-steps-2025-avengers-doomsday-2026-12-18,the-fantastic-four-first-steps-2025,avengers-doomsday-2026-12-18,reason-the-fantastic-four-first-steps-2025-avengers-doomsday-2026-12-18-explicit-relation-work-relation-the-fantastic-four-first-steps-2025-avengers-doomsday-2026-12-18-lead-in|reason-the-fantastic-four-first-steps-2025-avengers-doomsday-2026-12-18-shared-entity-entity-x-0f36d6d903|reason-the-fantastic-four-first-steps-2025-avengers-doomsday-2026-12-18-shared-entity-entity-x-23cb2517c1|reason-the-fantastic-four-first-steps-2025-avengers-doomsday-2026-12-18-shared-entity-entity-x-769f0c6132|reason-the-fantastic-four-first-steps-2025-avengers-doomsday-2026-12-18-shared-entity-entity-x-f1342534e0,5
edge-the-guardians-of-the-galaxy-holiday-special-2022-guardians-of-the-galaxy-vol-3-2023,the-guardians-of-the-galaxy-holiday-special-2022,guardians-of-the-galaxy-vol-3-2023,reason-the-guardians-of-the-galaxy-holiday-special-2022-guardians-of-the-galaxy-vol-3-2023-explicit-relation-work-relation-the-guardians-of-the-galaxy-holiday-special-2022-guardians-of-the-galaxy-vol-3-2023-lead-in,1
edge-the-incredible-hulk-2008-avengers-age-of-ultron-2015,the-incredible-hulk-2008,avengers-age-of-ultron-2015,reason-the-incredible-hulk-2008-avengers-age-of-ultron-2015-shared-entity-entity-x-50a34df778,1
edge-the-incredible-hulk-2008-avengers-endgame-2019,the-incredible-hulk-2008,avengers-endgame-2019,reason-the-incredible-hulk-2008-avengers-endgame-2019-shared-entity-entity-x-50a34df778,1
edge-the-incredible-hulk-2008-avengers-infinity-war-2018,the-incredible-hulk-2008,avengers-infinity-war-2018,reason-the-incredible-hulk-2008-avengers-infinity-war-2018-shared-entity-entity-x-50a34df778,1
edge-the-incredible-hulk-2008-captain-america-brave-new-world-2025,the-incredible-hulk-2008,captain-america-brave-new-world-2025,reason-the-incredible-hulk-2008-captain-america-brave-new-world-2025-explicit-relation-work-relation-the-incredible-hulk-2008-captain-america-brave-new-world-2025-story-link,1
edge-the-incredible-hulk-2008-she-hulk-attorney-at-law-2022,the-incredible-hulk-2008,she-hulk-attorney-at-law-2022,reason-the-incredible-hulk-2008-she-hulk-attorney-at-law-2022-shared-entity-entity-x-50a34df778,1
edge-the-incredible-hulk-2008-the-avengers-2012,the-incredible-hulk-2008,the-avengers-2012,reason-the-incredible-hulk-2008-the-avengers-2012-explicit-relation-work-relation-the-incredible-hulk-2008-the-avengers-2012-crossover|reason-the-incredible-hulk-2008-the-avengers-2012-shared-entity-entity-x-50a34df778,2
edge-the-incredible-hulk-2008-the-consultant-2011,the-incredible-hulk-2008,the-consultant-2011,reason-the-incredible-hulk-2008-the-consultant-2011-explicit-relation-work-relation-the-incredible-hulk-2008-the-consultant-2011-story-link,1
edge-the-incredible-hulk-2008-thor-ragnarok-2017,the-incredible-hulk-2008,thor-ragnarok-2017,reason-the-incredible-hulk-2008-thor-ragnarok-2017-shared-entity-entity-x-50a34df778,1
edge-the-marvels-2023-avengers-doomsday-2026-12-18,the-marvels-2023,avengers-doomsday-2026-12-18,reason-the-marvels-2023-avengers-doomsday-2026-12-18-explicit-relation-work-relation-the-marvels-2023-avengers-doomsday-2026-12-18-story-link,1
edge-the-punisher-one-last-kill-2026-05-12-spider-man-brand-new-day-2026-07-31,the-punisher-one-last-kill-2026-05-12,spider-man-brand-new-day-2026-07-31,reason-the-punisher-one-last-kill-2026-05-12-spider-man-brand-new-day-2026-07-31-shared-entity-entity-x-cacda9afb6,1
edge-the-punisher-s1-2017-daredevil-born-again-s1-2025,the-punisher-s1-2017,daredevil-born-again-s1-2025,reason-the-punisher-s1-2017-daredevil-born-again-s1-2025-shared-entity-entity-x-cacda9afb6,1
edge-the-punisher-s1-2017-spider-man-brand-new-day-2026-07-31,the-punisher-s1-2017,spider-man-brand-new-day-2026-07-31,reason-the-punisher-s1-2017-spider-man-brand-new-day-2026-07-31-shared-entity-entity-x-cacda9afb6,1
edge-the-punisher-s1-2017-the-punisher-one-last-kill-2026-05-12,the-punisher-s1-2017,the-punisher-one-last-kill-2026-05-12,reason-the-punisher-s1-2017-the-punisher-one-last-kill-2026-05-12-shared-entity-entity-x-cacda9afb6,1
edge-the-punisher-s1-2017-the-punisher-s2-2019,the-punisher-s1-2017,the-punisher-s2-2019,reason-the-punisher-s1-2017-the-punisher-s2-2019-explicit-relation-work-relation-the-punisher-s1-2017-the-punisher-s2-2019-sequel|reason-the-punisher-s1-2017-the-punisher-s2-2019-shared-entity-entity-x-cacda9afb6,2
edge-the-punisher-s2-2019-daredevil-born-again-s1-2025,the-punisher-s2-2019,daredevil-born-again-s1-2025,reason-the-punisher-s2-2019-daredevil-born-again-s1-2025-shared-entity-entity-x-cacda9afb6,1
edge-the-punisher-s2-2019-spider-man-brand-new-day-2026-07-31,the-punisher-s2-2019,spider-man-brand-new-day-2026-07-31,reason-the-punisher-s2-2019-spider-man-brand-new-day-2026-07-31-shared-entity-entity-x-cacda9afb6,1
edge-the-punisher-s2-2019-the-punisher-one-last-kill-2026-05-12,the-punisher-s2-2019,the-punisher-one-last-kill-2026-05-12,reason-the-punisher-s2-2019-the-punisher-one-last-kill-2026-05-12-shared-entity-entity-x-cacda9afb6,1
edge-the-wolverine-2013-logan-2017,the-wolverine-2013,logan-2017,reason-the-wolverine-2013-logan-2017-explicit-relation-work-relation-the-wolverine-2013-logan-2017-sequel|reason-the-wolverine-2013-logan-2017-shared-entity-entity-x-680db112c0,2
edge-the-wolverine-2013-x-men-days-of-future-past-2014,the-wolverine-2013,x-men-days-of-future-past-2014,reason-the-wolverine-2013-x-men-days-of-future-past-2014-explicit-relation-work-relation-the-wolverine-2013-x-men-days-of-future-past-2014-lead-in|reason-the-wolverine-2013-x-men-days-of-future-past-2014-shared-entity-entity-x-680db112c0,2
edge-thor-2011-avengers-age-of-ultron-2015,thor-2011,avengers-age-of-ultron-2015,reason-thor-2011-avengers-age-of-ultron-2015-shared-entity-entity-x-7250204b23,1
edge-thor-2011-avengers-doomsday-2026-12-18,thor-2011,avengers-doomsday-2026-12-18,reason-thor-2011-avengers-doomsday-2026-12-18-shared-entity-entity-x-7250204b23,1
edge-thor-2011-avengers-endgame-2019,thor-2011,avengers-endgame-2019,reason-thor-2011-avengers-endgame-2019-shared-entity-entity-x-7250204b23,1
edge-thor-2011-avengers-infinity-war-2018,thor-2011,avengers-infinity-war-2018,reason-thor-2011-avengers-infinity-war-2018-shared-entity-entity-x-55e230260e|reason-thor-2011-avengers-infinity-war-2018-shared-entity-entity-x-7250204b23,2
edge-thor-2011-loki-s1-2021,thor-2011,loki-s1-2021,reason-thor-2011-loki-s1-2021-shared-entity-entity-x-55e230260e,1
edge-thor-2011-loki-s2-2023,thor-2011,loki-s2-2023,reason-thor-2011-loki-s2-2023-shared-entity-entity-x-55e230260e,1
edge-thor-2011-the-avengers-2012,thor-2011,the-avengers-2012,reason-thor-2011-the-avengers-2012-explicit-relation-work-relation-thor-2011-the-avengers-2012-crossover|reason-thor-2011-the-avengers-2012-shared-entity-entity-x-55e230260e|reason-thor-2011-the-avengers-2012-shared-entity-entity-x-7250204b23,3
edge-thor-2011-thor-love-and-thunder-2022,thor-2011,thor-love-and-thunder-2022,reason-thor-2011-thor-love-and-thunder-2022-shared-entity-entity-x-7250204b23,1
edge-thor-2011-thor-ragnarok-2017,thor-2011,thor-ragnarok-2017,reason-thor-2011-thor-ragnarok-2017-shared-entity-entity-x-55e230260e|reason-thor-2011-thor-ragnarok-2017-shared-entity-entity-x-7250204b23,2
edge-thor-2011-thor-the-dark-world-2013,thor-2011,thor-the-dark-world-2013,reason-thor-2011-thor-the-dark-world-2013-explicit-relation-work-relation-thor-2011-thor-the-dark-world-2013-sequel|reason-thor-2011-thor-the-dark-world-2013-shared-entity-entity-x-55e230260e|reason-thor-2011-thor-the-dark-world-2013-shared-entity-entity-x-7250204b23,3
edge-thor-love-and-thunder-2022-avengers-doomsday-2026-12-18,thor-love-and-thunder-2022,avengers-doomsday-2026-12-18,reason-thor-love-and-thunder-2022-avengers-doomsday-2026-12-18-shared-entity-entity-x-7250204b23,1
edge-thor-ragnarok-2017-avengers-doomsday-2026-12-18,thor-ragnarok-2017,avengers-doomsday-2026-12-18,reason-thor-ragnarok-2017-avengers-doomsday-2026-12-18-shared-entity-entity-x-7250204b23,1
edge-thor-ragnarok-2017-avengers-endgame-2019,thor-ragnarok-2017,avengers-endgame-2019,reason-thor-ragnarok-2017-avengers-endgame-2019-shared-entity-entity-x-50a34df778|reason-thor-ragnarok-2017-avengers-endgame-2019-shared-entity-entity-x-7250204b23,2
edge-thor-ragnarok-2017-avengers-infinity-war-2018,thor-ragnarok-2017,avengers-infinity-war-2018,reason-thor-ragnarok-2017-avengers-infinity-war-2018-explicit-relation-work-relation-thor-ragnarok-2017-avengers-infinity-war-2018-crossover|reason-thor-ragnarok-2017-avengers-infinity-war-2018-shared-entity-entity-x-50a34df778|reason-thor-ragnarok-2017-avengers-infinity-war-2018-shared-entity-entity-x-55e230260e|reason-thor-ragnarok-2017-avengers-infinity-war-2018-shared-entity-entity-x-7250204b23,4
edge-thor-ragnarok-2017-loki-s1-2021,thor-ragnarok-2017,loki-s1-2021,reason-thor-ragnarok-2017-loki-s1-2021-shared-entity-entity-x-55e230260e,1
edge-thor-ragnarok-2017-loki-s2-2023,thor-ragnarok-2017,loki-s2-2023,reason-thor-ragnarok-2017-loki-s2-2023-shared-entity-entity-x-55e230260e,1
edge-thor-ragnarok-2017-she-hulk-attorney-at-law-2022,thor-ragnarok-2017,she-hulk-attorney-at-law-2022,reason-thor-ragnarok-2017-she-hulk-attorney-at-law-2022-shared-entity-entity-x-50a34df778,1
edge-thor-ragnarok-2017-thor-love-and-thunder-2022,thor-ragnarok-2017,thor-love-and-thunder-2022,reason-thor-ragnarok-2017-thor-love-and-thunder-2022-explicit-relation-work-relation-thor-ragnarok-2017-thor-love-and-thunder-2022-sequel|reason-thor-ragnarok-2017-thor-love-and-thunder-2022-shared-entity-entity-x-7250204b23,2
edge-thor-the-dark-world-2013-agents-of-s-h-i-e-l-d-20132020,thor-the-dark-world-2013,agents-of-s-h-i-e-l-d-20132020,reason-thor-the-dark-world-2013-agents-of-s-h-i-e-l-d-20132020-explicit-relation-work-relation-thor-the-dark-world-2013-agents-of-s-h-i-e-l-d-20132020-story-link,1
edge-thor-the-dark-world-2013-avengers-age-of-ultron-2015,thor-the-dark-world-2013,avengers-age-of-ultron-2015,reason-thor-the-dark-world-2013-avengers-age-of-ultron-2015-explicit-relation-work-relation-thor-the-dark-world-2013-avengers-age-of-ultron-2015-crossover|reason-thor-the-dark-world-2013-avengers-age-of-ultron-2015-shared-entity-entity-x-7250204b23,2
edge-thor-the-dark-world-2013-avengers-doomsday-2026-12-18,thor-the-dark-world-2013,avengers-doomsday-2026-12-18,reason-thor-the-dark-world-2013-avengers-doomsday-2026-12-18-shared-entity-entity-x-7250204b23,1
edge-thor-the-dark-world-2013-avengers-endgame-2019,thor-the-dark-world-2013,avengers-endgame-2019,reason-thor-the-dark-world-2013-avengers-endgame-2019-shared-entity-entity-x-7250204b23,1
edge-thor-the-dark-world-2013-avengers-infinity-war-2018,thor-the-dark-world-2013,avengers-infinity-war-2018,reason-thor-the-dark-world-2013-avengers-infinity-war-2018-shared-entity-entity-x-55e230260e|reason-thor-the-dark-world-2013-avengers-infinity-war-2018-shared-entity-entity-x-7250204b23,2
edge-thor-the-dark-world-2013-guardians-of-the-galaxy-2014,thor-the-dark-world-2013,guardians-of-the-galaxy-2014,reason-thor-the-dark-world-2013-guardians-of-the-galaxy-2014-explicit-relation-work-relation-thor-the-dark-world-2013-guardians-of-the-galaxy-2014-story-link,1
edge-thor-the-dark-world-2013-loki-s1-2021,thor-the-dark-world-2013,loki-s1-2021,reason-thor-the-dark-world-2013-loki-s1-2021-shared-entity-entity-x-55e230260e,1
edge-thor-the-dark-world-2013-loki-s2-2023,thor-the-dark-world-2013,loki-s2-2023,reason-thor-the-dark-world-2013-loki-s2-2023-shared-entity-entity-x-55e230260e,1
edge-thor-the-dark-world-2013-thor-love-and-thunder-2022,thor-the-dark-world-2013,thor-love-and-thunder-2022,reason-thor-the-dark-world-2013-thor-love-and-thunder-2022-shared-entity-entity-x-7250204b23,1
edge-thor-the-dark-world-2013-thor-ragnarok-2017,thor-the-dark-world-2013,thor-ragnarok-2017,reason-thor-the-dark-world-2013-thor-ragnarok-2017-explicit-relation-work-relation-thor-the-dark-world-2013-thor-ragnarok-2017-sequel|reason-thor-the-dark-world-2013-thor-ragnarok-2017-shared-entity-entity-x-55e230260e|reason-thor-the-dark-world-2013-thor-ragnarok-2017-shared-entity-entity-x-7250204b23,3
edge-thunderbolts-new-avengers-2025-avengers-doomsday-2026-12-18,thunderbolts-new-avengers-2025,avengers-doomsday-2026-12-18,reason-thunderbolts-new-avengers-2025-avengers-doomsday-2026-12-18-explicit-relation-work-relation-thunderbolts-new-avengers-2025-avengers-doomsday-2026-12-18-lead-in,1
edge-thunderbolts-new-avengers-2025-the-fantastic-four-first-steps-2025,thunderbolts-new-avengers-2025,the-fantastic-four-first-steps-2025,reason-thunderbolts-new-avengers-2025-the-fantastic-four-first-steps-2025-explicit-relation-work-relation-thunderbolts-new-avengers-2025-the-fantastic-four-first-steps-2025-crossover|reason-thunderbolts-new-avengers-2025-the-fantastic-four-first-steps-2025-multiverse-transition-event-thunderbolts-f4-excelsior-arrival-event-occurrence-thunderbolts-f4-excelsior-arrival,2
edge-venom-2018-venom-let-there-be-carnage-2021,venom-2018,venom-let-there-be-carnage-2021,reason-venom-2018-venom-let-there-be-carnage-2021-explicit-relation-work-relation-venom-2018-venom-let-there-be-carnage-2021-sequel,1
edge-venom-let-there-be-carnage-2021-spider-man-no-way-home-2021,venom-let-there-be-carnage-2021,spider-man-no-way-home-2021,reason-venom-let-there-be-carnage-2021-spider-man-no-way-home-2021-multiverse-transition-event-ltbc-eddie-brock-earth616-arrival-event-occurrence-ltbc-eddie-brock-earth616-arrival|reason-venom-let-there-be-carnage-2021-spider-man-no-way-home-2021-multiverse-transition-event-nwh-eddie-brock-ssu-return-event-occurrence-nwh-eddie-brock-ssu-return|reason-venom-let-there-be-carnage-2021-spider-man-no-way-home-2021-shared-entity-entity-eddie-brock-sony,3
edge-venom-let-there-be-carnage-2021-venom-the-last-dance-2024,venom-let-there-be-carnage-2021,venom-the-last-dance-2024,reason-venom-let-there-be-carnage-2021-venom-the-last-dance-2024-explicit-relation-work-relation-venom-let-there-be-carnage-2021-venom-the-last-dance-2024-story-link,1
edge-wandavision-2021-agatha-all-along-2024,wandavision-2021,agatha-all-along-2024,reason-wandavision-2021-agatha-all-along-2024-explicit-relation-work-relation-wandavision-2021-agatha-all-along-2024-spinoff|reason-wandavision-2021-agatha-all-along-2024-shared-entity-entity-x-de5650abae,2
edge-wandavision-2021-doctor-strange-in-the-multiverse-of-madness-2022,wandavision-2021,doctor-strange-in-the-multiverse-of-madness-2022,reason-wandavision-2021-doctor-strange-in-the-multiverse-of-madness-2022-explicit-relation-work-relation-wandavision-2021-doctor-strange-in-the-multiverse-of-madness-2022-story-link|reason-wandavision-2021-doctor-strange-in-the-multiverse-of-madness-2022-shared-entity-entity-x-42251c0735,2
edge-wandavision-2021-the-marvels-2023,wandavision-2021,the-marvels-2023,reason-wandavision-2021-the-marvels-2023-shared-entity-entity-x-06c4fa169e,1
edge-wandavision-2021-visionquest-2026-10-14,wandavision-2021,visionquest-2026-10-14,reason-wandavision-2021-visionquest-2026-10-14-explicit-relation-work-relation-wandavision-2021-visionquest-2026-10-14-sequel|reason-wandavision-2021-visionquest-2026-10-14-shared-entity-entity-x-5d8d873f91,2
edge-what-if-s1-2021-marvel-zombies-s1-2025,what-if-s1-2021,marvel-zombies-s1-2025,reason-what-if-s1-2021-marvel-zombies-s1-2025-explicit-relation-work-relation-what-if-s1-2021-marvel-zombies-s1-2025-spinoff,1
edge-what-if-s1-2021-what-if-s2-2023,what-if-s1-2021,what-if-s2-2023,reason-what-if-s1-2021-what-if-s2-2023-explicit-relation-work-relation-what-if-s1-2021-what-if-s2-2023-sequel,1
edge-what-if-s2-2023-what-if-s3-2024,what-if-s2-2023,what-if-s3-2024,reason-what-if-s2-2023-what-if-s3-2024-explicit-relation-work-relation-what-if-s2-2023-what-if-s3-2024-sequel,1
edge-x-men-2000-logan-2017,x-men-2000,logan-2017,reason-x-men-2000-logan-2017-shared-entity-entity-x-680db112c0,1
edge-x-men-2000-the-wolverine-2013,x-men-2000,the-wolverine-2013,reason-x-men-2000-the-wolverine-2013-shared-entity-entity-x-680db112c0,1
edge-x-men-2000-x-men-days-of-future-past-2014,x-men-2000,x-men-days-of-future-past-2014,reason-x-men-2000-x-men-days-of-future-past-2014-shared-entity-entity-x-680db112c0,1
edge-x-men-2000-x-men-origins-wolverine-2009,x-men-2000,x-men-origins-wolverine-2009,reason-x-men-2000-x-men-origins-wolverine-2009-shared-entity-entity-x-680db112c0,1
edge-x-men-2000-x-men-the-last-stand-2006,x-men-2000,x-men-the-last-stand-2006,reason-x-men-2000-x-men-the-last-stand-2006-shared-entity-entity-x-680db112c0,1
edge-x-men-2000-x2-x-men-united-2003,x-men-2000,x2-x-men-united-2003,reason-x-men-2000-x2-x-men-united-2003-explicit-relation-work-relation-x-men-2000-x2-x-men-united-2003-sequel|reason-x-men-2000-x2-x-men-united-2003-shared-entity-entity-x-680db112c0,2
edge-x-men-97-s1-2024-x-men-97-s2-2026-07-01,x-men-97-s1-2024,x-men-97-s2-2026-07-01,reason-x-men-97-s1-2024-x-men-97-s2-2026-07-01-explicit-relation-work-relation-x-men-97-s1-2024-x-men-97-s2-2026-07-01-sequel,1
edge-x-men-apocalypse-2016-dark-phoenix-2019,x-men-apocalypse-2016,dark-phoenix-2019,reason-x-men-apocalypse-2016-dark-phoenix-2019-explicit-relation-work-relation-x-men-apocalypse-2016-dark-phoenix-2019-sequel,1
edge-x-men-days-of-future-past-2014-logan-2017,x-men-days-of-future-past-2014,logan-2017,reason-x-men-days-of-future-past-2014-logan-2017-shared-entity-entity-x-680db112c0,1
edge-x-men-days-of-future-past-2014-x-men-apocalypse-2016,x-men-days-of-future-past-2014,x-men-apocalypse-2016,reason-x-men-days-of-future-past-2014-x-men-apocalypse-2016-explicit-relation-work-relation-x-men-days-of-future-past-2014-x-men-apocalypse-2016-sequel,1
edge-x-men-first-class-2011-x-men-days-of-future-past-2014,x-men-first-class-2011,x-men-days-of-future-past-2014,reason-x-men-first-class-2011-x-men-days-of-future-past-2014-explicit-relation-work-relation-x-men-first-class-2011-x-men-days-of-future-past-2014-crossover,1
edge-x-men-origins-wolverine-2009-logan-2017,x-men-origins-wolverine-2009,logan-2017,reason-x-men-origins-wolverine-2009-logan-2017-shared-entity-entity-x-680db112c0,1
edge-x-men-origins-wolverine-2009-the-wolverine-2013,x-men-origins-wolverine-2009,the-wolverine-2013,reason-x-men-origins-wolverine-2009-the-wolverine-2013-explicit-relation-work-relation-x-men-origins-wolverine-2009-the-wolverine-2013-sequel|reason-x-men-origins-wolverine-2009-the-wolverine-2013-shared-entity-entity-x-680db112c0,2
edge-x-men-origins-wolverine-2009-x-men-days-of-future-past-2014,x-men-origins-wolverine-2009,x-men-days-of-future-past-2014,reason-x-men-origins-wolverine-2009-x-men-days-of-future-past-2014-shared-entity-entity-x-680db112c0,1
edge-x-men-the-animated-series-19921997-x-men-97-s1-2024,x-men-the-animated-series-19921997,x-men-97-s1-2024,reason-x-men-the-animated-series-19921997-x-men-97-s1-2024-explicit-relation-work-relation-x-men-the-animated-series-19921997-x-men-97-s1-2024-sequel,1
edge-x-men-the-last-stand-2006-logan-2017,x-men-the-last-stand-2006,logan-2017,reason-x-men-the-last-stand-2006-logan-2017-shared-entity-entity-x-680db112c0,1
edge-x-men-the-last-stand-2006-the-wolverine-2013,x-men-the-last-stand-2006,the-wolverine-2013,reason-x-men-the-last-stand-2006-the-wolverine-2013-explicit-relation-work-relation-x-men-the-last-stand-2006-the-wolverine-2013-aftermath|reason-x-men-the-last-stand-2006-the-wolverine-2013-shared-entity-entity-x-680db112c0,2
edge-x-men-the-last-stand-2006-x-men-days-of-future-past-2014,x-men-the-last-stand-2006,x-men-days-of-future-past-2014,reason-x-men-the-last-stand-2006-x-men-days-of-future-past-2014-explicit-relation-work-relation-x-men-the-last-stand-2006-x-men-days-of-future-past-2014-story-link|reason-x-men-the-last-stand-2006-x-men-days-of-future-past-2014-shared-entity-entity-x-680db112c0,2
edge-x-men-the-last-stand-2006-x-men-origins-wolverine-2009,x-men-the-last-stand-2006,x-men-origins-wolverine-2009,reason-x-men-the-last-stand-2006-x-men-origins-wolverine-2009-shared-entity-entity-x-680db112c0,1
edge-x2-x-men-united-2003-logan-2017,x2-x-men-united-2003,logan-2017,reason-x2-x-men-united-2003-logan-2017-shared-entity-entity-x-680db112c0,1
edge-x2-x-men-united-2003-the-wolverine-2013,x2-x-men-united-2003,the-wolverine-2013,reason-x2-x-men-united-2003-the-wolverine-2013-shared-entity-entity-x-680db112c0,1
edge-x2-x-men-united-2003-x-men-days-of-future-past-2014,x2-x-men-united-2003,x-men-days-of-future-past-2014,reason-x2-x-men-united-2003-x-men-days-of-future-past-2014-shared-entity-entity-x-680db112c0,1
edge-x2-x-men-united-2003-x-men-origins-wolverine-2009,x2-x-men-united-2003,x-men-origins-wolverine-2009,reason-x2-x-men-united-2003-x-men-origins-wolverine-2009-shared-entity-entity-x-680db112c0,1
edge-x2-x-men-united-2003-x-men-the-last-stand-2006,x2-x-men-united-2003,x-men-the-last-stand-2006,reason-x2-x-men-united-2003-x-men-the-last-stand-2006-explicit-relation-work-relation-x2-x-men-united-2003-x-men-the-last-stand-2006-sequel|reason-x2-x-men-united-2003-x-men-the-last-stand-2006-shared-entity-entity-x-680db112c0,2
edge-your-friendly-neighborhood-spider-man-s1-2025-your-friendly-neighborhood-spider-man-s2-2026,your-friendly-neighborhood-spider-man-s1-2025,your-friendly-neighborhood-spider-man-s2-2026,reason-your-friendly-neighborhood-spider-man-s1-2025-your-friendly-neighborhood-spider-man-s2-2026-explicit-relation-work-relation-your-friendly-neighborhood-spider-man-s1-2025-your-friendly-neighborhood-spider-man-s2-2026-sequel,1
