legacy_row_id,legacy_edge_id,source_id,target_id,legacy_relation_scope,legacy_relation_kind,disposition,work_relation_id,migration_note,legacy_reason
connection-000001,iron-man-2008 -> iron-man-2-2010,iron-man-2008,iron-man-2-2010,story,sequel,migrated_explicit_relation,work-relation-iron-man-2008-iron-man-2-2010-sequel,Legacy relation retained as explicit v5 relation seed pending content audit.,Same lead/team continuity or explicit sequel/crossover progression.
connection-000002,iron-man-2-2010 -> the-avengers-2012,iron-man-2-2010,the-avengers-2012,crossover,crossover,migrated_explicit_relation,work-relation-iron-man-2-2010-the-avengers-2012-crossover,Legacy relation retained as explicit v5 relation seed pending content audit.,Same lead/team continuity or explicit sequel/crossover progression.
connection-000003,the-avengers-2012 -> avengers-age-of-ultron-2015,the-avengers-2012,avengers-age-of-ultron-2015,story,sequel,migrated_explicit_relation,work-relation-the-avengers-2012-avengers-age-of-ultron-2015-sequel,Legacy relation retained as explicit v5 relation seed pending content audit.,Same lead/team continuity or explicit sequel/crossover progression.
connection-000004,avengers-age-of-ultron-2015 -> captain-america-civil-war-2016,avengers-age-of-ultron-2015,captain-america-civil-war-2016,story,aftermath,migrated_explicit_relation,work-relation-avengers-age-of-ultron-2015-captain-america-civil-war-2016-aftermath,Legacy relation retained as explicit v5 relation seed pending content audit.,Same lead/team continuity or explicit sequel/crossover progression.
connection-000005,captain-america-civil-war-2016 -> avengers-infinity-war-2018,captain-america-civil-war-2016,avengers-infinity-war-2018,crossover,crossover,migrated_explicit_relation,work-relation-captain-america-civil-war-2016-avengers-infinity-war-2018-crossover,Legacy relation retained as explicit v5 relation seed pending content audit.,Same lead/team continuity or explicit sequel/crossover progression.
connection-000006,avengers-infinity-war-2018 -> avengers-endgame-2019,avengers-infinity-war-2018,avengers-endgame-2019,story,sequel,migrated_explicit_relation,work-relation-avengers-infinity-war-2018-avengers-endgame-2019-sequel,Legacy relation retained as explicit v5 relation seed pending content audit.,Same lead/team continuity or explicit sequel/crossover progression.
connection-000007,captain-america-the-first-avenger-2011 -> the-avengers-2012,captain-america-the-first-avenger-2011,the-avengers-2012,crossover,crossover,migrated_explicit_relation,work-relation-captain-america-the-first-avenger-2011-the-avengers-2012-crossover,Legacy relation retained as explicit v5 relation seed pending content audit.,Same lead/team continuity or explicit sequel/crossover progression.
connection-000008,the-avengers-2012 -> captain-america-the-winter-soldier-2014,the-avengers-2012,captain-america-the-winter-soldier-2014,crossover,world_lore,migrated_explicit_relation,work-relation-the-avengers-2012-captain-america-the-winter-soldier-2014-world-lore,Legacy relation retained as explicit v5 relation seed pending content audit.,Same lead/team continuity or explicit sequel/crossover progression.
connection-000009,captain-america-the-winter-soldier-2014 -> avengers-age-of-ultron-2015,captain-america-the-winter-soldier-2014,avengers-age-of-ultron-2015,crossover,crossover,migrated_explicit_relation,work-relation-captain-america-the-winter-soldier-2014-avengers-age-of-ultron-2015-crossover,Legacy relation retained as explicit v5 relation seed pending content audit.,Same lead/team continuity or explicit sequel/crossover progression.
connection-000010,thor-2011 -> the-avengers-2012,thor-2011,the-avengers-2012,crossover,crossover,migrated_explicit_relation,work-relation-thor-2011-the-avengers-2012-crossover,Legacy relation retained as explicit v5 relation seed pending content audit.,Same lead/team continuity or explicit sequel/crossover progression.
connection-000011,the-avengers-2012 -> thor-the-dark-world-2013,the-avengers-2012,thor-the-dark-world-2013,crossover,character_continuity,appearance_derived_pending_audit,,Character-only legacy edge moves to appearances/portrayals; original edge metadata remains in this ledger.,Same lead/team continuity or explicit sequel/crossover progression.
connection-000012,thor-the-dark-world-2013 -> avengers-age-of-ultron-2015,thor-the-dark-world-2013,avengers-age-of-ultron-2015,crossover,crossover,migrated_explicit_relation,work-relation-thor-the-dark-world-2013-avengers-age-of-ultron-2015-crossover,Legacy relation retained as explicit v5 relation seed pending content audit.,Same lead/team continuity or explicit sequel/crossover progression.
connection-000013,avengers-age-of-ultron-2015 -> thor-ragnarok-2017,avengers-age-of-ultron-2015,thor-ragnarok-2017,crossover,character_continuity,appearance_derived_pending_audit,,Character-only legacy edge moves to appearances/portrayals; original edge metadata remains in this ledger.,Same lead/team continuity or explicit sequel/crossover progression.
connection-000014,thor-ragnarok-2017 -> avengers-infinity-war-2018,thor-ragnarok-2017,avengers-infinity-war-2018,crossover,crossover,migrated_explicit_relation,work-relation-thor-ragnarok-2017-avengers-infinity-war-2018-crossover,Legacy relation retained as explicit v5 relation seed pending content audit.,Same lead/team continuity or explicit sequel/crossover progression.
connection-000015,avengers-endgame-2019 -> thor-love-and-thunder-2022,avengers-endgame-2019,thor-love-and-thunder-2022,crossover,character_continuity,appearance_derived_pending_audit,,Character-only legacy edge moves to appearances/portrayals; original edge metadata remains in this ledger.,Same lead/team continuity or explicit sequel/crossover progression.
connection-000016,guardians-of-the-galaxy-2014 -> guardians-of-the-galaxy-vol-2-2017,guardians-of-the-galaxy-2014,guardians-of-the-galaxy-vol-2-2017,story,sequel,migrated_explicit_relation,work-relation-guardians-of-the-galaxy-2014-guardians-of-the-galaxy-vol-2-2017-sequel,Legacy relation retained as explicit v5 relation seed pending content audit.,Same lead/team continuity or explicit sequel/crossover progression.
connection-000017,guardians-of-the-galaxy-vol-2-2017 -> avengers-infinity-war-2018,guardians-of-the-galaxy-vol-2-2017,avengers-infinity-war-2018,crossover,crossover,migrated_explicit_relation,work-relation-guardians-of-the-galaxy-vol-2-2017-avengers-infinity-war-2018-crossover,Legacy relation retained as explicit v5 relation seed pending content audit.,Same lead/team continuity or explicit sequel/crossover progression.
connection-000018,avengers-endgame-2019 -> the-guardians-of-the-galaxy-holiday-special-2022,avengers-endgame-2019,the-guardians-of-the-galaxy-holiday-special-2022,crossover,character_continuity,appearance_derived_pending_audit,,Character-only legacy edge moves to appearances/portrayals; original edge metadata remains in this ledger.,Same lead/team continuity or explicit sequel/crossover progression.
connection-000019,the-guardians-of-the-galaxy-holiday-special-2022 -> guardians-of-the-galaxy-vol-3-2023,the-guardians-of-the-galaxy-holiday-special-2022,guardians-of-the-galaxy-vol-3-2023,story,lead_in,migrated_explicit_relation,work-relation-the-guardians-of-the-galaxy-holiday-special-2022-guardians-of-the-galaxy-vol-3-2023-lead-in,Legacy relation retained as explicit v5 relation seed pending content audit.,Same lead/team continuity or explicit sequel/crossover progression.
connection-000020,ant-man-2015 -> captain-america-civil-war-2016,ant-man-2015,captain-america-civil-war-2016,crossover,crossover,migrated_explicit_relation,work-relation-ant-man-2015-captain-america-civil-war-2016-crossover,Legacy relation retained as explicit v5 relation seed pending content audit.,Same lead/team continuity or explicit sequel/crossover progression.
connection-000021,captain-america-civil-war-2016 -> ant-man-and-the-wasp-2018,captain-america-civil-war-2016,ant-man-and-the-wasp-2018,story,aftermath,migrated_explicit_relation,work-relation-captain-america-civil-war-2016-ant-man-and-the-wasp-2018-aftermath,Legacy relation retained as explicit v5 relation seed pending content audit.,Same lead/team continuity or explicit sequel/crossover progression.
connection-000022,ant-man-and-the-wasp-2018 -> avengers-endgame-2019,ant-man-and-the-wasp-2018,avengers-endgame-2019,story,lead_in,migrated_explicit_relation,work-relation-ant-man-and-the-wasp-2018-avengers-endgame-2019-lead-in,Legacy relation retained as explicit v5 relation seed pending content audit.,Same lead/team continuity or explicit sequel/crossover progression.
connection-000023,avengers-endgame-2019 -> ant-man-and-the-wasp-quantumania-2023,avengers-endgame-2019,ant-man-and-the-wasp-quantumania-2023,crossover,world_lore,migrated_explicit_relation,work-relation-avengers-endgame-2019-ant-man-and-the-wasp-quantumania-2023-world-lore,Legacy relation retained as explicit v5 relation seed pending content audit.,Same lead/team continuity or explicit sequel/crossover progression.
connection-000024,spider-man-homecoming-2017 -> avengers-infinity-war-2018,spider-man-homecoming-2017,avengers-infinity-war-2018,crossover,crossover,migrated_explicit_relation,work-relation-spider-man-homecoming-2017-avengers-infinity-war-2018-crossover,Legacy relation retained as explicit v5 relation seed pending content audit.,Same lead/team continuity or explicit sequel/crossover progression.
connection-000025,avengers-endgame-2019 -> spider-man-far-from-home-2019,avengers-endgame-2019,spider-man-far-from-home-2019,story,aftermath,migrated_explicit_relation,work-relation-avengers-endgame-2019-spider-man-far-from-home-2019-aftermath,Legacy relation retained as explicit v5 relation seed pending content audit.,Same lead/team continuity or explicit sequel/crossover progression. / Far From Home explicitly follows Endgame.
connection-000026,spider-man-far-from-home-2019 -> spider-man-no-way-home-2021,spider-man-far-from-home-2019,spider-man-no-way-home-2021,story,sequel,migrated_explicit_relation,work-relation-spider-man-far-from-home-2019-spider-man-no-way-home-2021-sequel,Legacy relation retained as explicit v5 relation seed pending content audit.,Same lead/team continuity or explicit sequel/crossover progression.
connection-000027,spider-man-no-way-home-2021 -> spider-man-brand-new-day-2026-07-31,spider-man-no-way-home-2021,spider-man-brand-new-day-2026-07-31,story,story_link,migrated_explicit_relation,work-relation-spider-man-no-way-home-2021-spider-man-brand-new-day-2026-07-31-story-link,Legacy relation retained as explicit v5 relation seed pending content audit.,Sony公式がNo Way Homeの出来事から4年後の新章と明示。
connection-000028,doctor-strange-2016 -> avengers-infinity-war-2018,doctor-strange-2016,avengers-infinity-war-2018,crossover,crossover,migrated_explicit_relation,work-relation-doctor-strange-2016-avengers-infinity-war-2018-crossover,Legacy relation retained as explicit v5 relation seed pending content audit.,Doctor Strange joins the Avengers conflict.
connection-000029,spider-man-no-way-home-2021 -> doctor-strange-in-the-multiverse-of-madness-2022,spider-man-no-way-home-2021,doctor-strange-in-the-multiverse-of-madness-2022,crossover,crossover,migrated_explicit_relation,work-relation-spider-man-no-way-home-2021-doctor-strange-in-the-multiverse-of-madness-2022-crossover,Legacy relation retained as explicit v5 relation seed pending content audit.,Shared multiverse consequences; not a direct sequel.
connection-000030,wandavision-2021 -> doctor-strange-in-the-multiverse-of-madness-2022,wandavision-2021,doctor-strange-in-the-multiverse-of-madness-2022,story,story_link,migrated_explicit_relation,work-relation-wandavision-2021-doctor-strange-in-the-multiverse-of-madness-2022-story-link,Legacy relation retained as explicit v5 relation seed pending content audit.,Wanda's post-WandaVision arc continues.
connection-000031,wandavision-2021 -> agatha-all-along-2024,wandavision-2021,agatha-all-along-2024,story,spinoff,migrated_explicit_relation,work-relation-wandavision-2021-agatha-all-along-2024-spinoff,Legacy relation retained as explicit v5 relation seed pending content audit.,Agatha branch.
connection-000032,agatha-all-along-2024 -> visionquest-2026-10-14,agatha-all-along-2024,visionquest-2026-10-14,story,sequel,migrated_explicit_relation,work-relation-agatha-all-along-2024-visionquest-2026-10-14-sequel,Legacy relation retained as explicit v5 relation seed pending content audit.,Marvel calls VisionQuest the final installment of the trilogy begun by WandaVision and continued by Agatha.
connection-000033,wandavision-2021 -> visionquest-2026-10-14,wandavision-2021,visionquest-2026-10-14,story,sequel,migrated_explicit_relation,work-relation-wandavision-2021-visionquest-2026-10-14-sequel,Legacy relation retained as explicit v5 relation seed pending content audit.,Vision continuation; Marvel explicitly frames the three-title trilogy.
connection-000034,wandavision-2021 -> the-marvels-2023,wandavision-2021,the-marvels-2023,character,character_continuity,appearance_derived_pending_audit,,Character-only legacy edge moves to appearances/portrayals; original edge metadata remains in this ledger.,Monica Rambeau continues into The Marvels.
connection-000035,ms-marvel-2022 -> the-marvels-2023,ms-marvel-2022,the-marvels-2023,story,story_link,migrated_explicit_relation,work-relation-ms-marvel-2022-the-marvels-2023-story-link,Legacy relation retained as explicit v5 relation seed pending content audit.,Kamala Khan continues into The Marvels.
connection-000036,captain-marvel-2019 -> the-marvels-2023,captain-marvel-2019,the-marvels-2023,story,sequel,migrated_explicit_relation,work-relation-captain-marvel-2019-the-marvels-2023-sequel,Legacy relation retained as explicit v5 relation seed pending content audit.,Carol Danvers continues into The Marvels.
connection-000037,hawkeye-2021 -> echo-2024,hawkeye-2021,echo-2024,story,spinoff,migrated_explicit_relation,work-relation-hawkeye-2021-echo-2024-spinoff,Legacy relation retained as explicit v5 relation seed pending content audit.,Maya Lopez/Fisk branch.
connection-000038,hawkeye-2021 -> daredevil-born-again-s1-2025,hawkeye-2021,daredevil-born-again-s1-2025,story,lead_in,migrated_explicit_relation,work-relation-hawkeye-2021-daredevil-born-again-s1-2025-lead-in,Legacy relation retained as explicit v5 relation seed pending content audit.,Fisk re-enters MCU before Born Again.
connection-000039,echo-2024 -> daredevil-born-again-s1-2025,echo-2024,daredevil-born-again-s1-2025,story,story_link,migrated_explicit_relation,work-relation-echo-2024-daredevil-born-again-s1-2025-story-link,Legacy relation retained as explicit v5 relation seed pending content audit.,Fisk/Daredevil street branch.
connection-000040,daredevil-born-again-s1-2025 -> daredevil-born-again-s2-2026,daredevil-born-again-s1-2025,daredevil-born-again-s2-2026,story,sequel,migrated_explicit_relation,work-relation-daredevil-born-again-s1-2025-daredevil-born-again-s2-2026-sequel,Legacy relation retained as explicit v5 relation seed pending content audit.,Season continuation.
connection-000041,daredevil-born-again-s2-2026 -> daredevil-born-again-s3-tba,daredevil-born-again-s2-2026,daredevil-born-again-s3-tba,story,sequel,migrated_explicit_relation,work-relation-daredevil-born-again-s2-2026-daredevil-born-again-s3-tba-sequel,Legacy relation retained as explicit v5 relation seed pending content audit.,Marvel lists Season 3.
connection-000042,the-punisher-s2-2019 -> the-punisher-one-last-kill-2026-05-12,the-punisher-s2-2019,the-punisher-one-last-kill-2026-05-12,character,character_continuity,appearance_derived_pending_audit,,Character-only legacy edge moves to appearances/portrayals; original edge metadata remains in this ledger.,Jon Bernthal's Frank Castle continuation.
connection-000043,daredevil-born-again-s2-2026 -> the-punisher-one-last-kill-2026-05-12,daredevil-born-again-s2-2026,the-punisher-one-last-kill-2026-05-12,crossover,crossover,migrated_explicit_relation,work-relation-daredevil-born-again-s2-2026-the-punisher-one-last-kill-2026-05-12-crossover,Legacy relation retained as explicit v5 relation seed pending content audit.,Same current Marvel Television street-level branch.
connection-000044,black-panther-2018 -> black-panther-wakanda-forever-2022,black-panther-2018,black-panther-wakanda-forever-2022,story,sequel,migrated_explicit_relation,work-relation-black-panther-2018-black-panther-wakanda-forever-2022-sequel,Legacy relation retained as explicit v5 relation seed pending content audit.,Wakanda sequel.
connection-000045,black-panther-wakanda-forever-2022 -> ironheart-2025,black-panther-wakanda-forever-2022,ironheart-2025,story,spinoff,migrated_explicit_relation,work-relation-black-panther-wakanda-forever-2022-ironheart-2025-spinoff,Legacy relation retained as explicit v5 relation seed pending content audit.,Riri Williams introduced in Wakanda Forever.
connection-000046,black-panther-2018 -> eyes-of-wakanda-2025,black-panther-2018,eyes-of-wakanda-2025,world_lore,world_lore,migrated_explicit_relation,work-relation-black-panther-2018-eyes-of-wakanda-2025-world-lore,Legacy relation retained as explicit v5 relation seed pending content audit.,Animated Wakandan historical stories; not a sequel.
connection-000047,black-widow-2021 -> hawkeye-2021,black-widow-2021,hawkeye-2021,character,character_continuity,appearance_derived_pending_audit,,Character-only legacy edge moves to appearances/portrayals; original edge metadata remains in this ledger.,Yelena's post-Black Widow story continues in Hawkeye.
connection-000048,black-widow-2021 -> thunderbolts-new-avengers-2025,black-widow-2021,thunderbolts-new-avengers-2025,character,lead_in,appearance_derived_pending_audit,,Character-only legacy edge moves to appearances/portrayals; original edge metadata remains in this ledger.,"Yelena, Red Guardian, Taskmaster."
connection-000049,the-falcon-and-the-winter-soldier-2021 -> thunderbolts-new-avengers-2025,the-falcon-and-the-winter-soldier-2021,thunderbolts-new-avengers-2025,story,lead_in,migrated_explicit_relation,work-relation-the-falcon-and-the-winter-soldier-2021-thunderbolts-new-avengers-2025-lead-in,Legacy relation retained as explicit v5 relation seed pending content audit.,Bucky Barnes and John Walker.
connection-000050,ant-man-and-the-wasp-2018 -> thunderbolts-new-avengers-2025,ant-man-and-the-wasp-2018,thunderbolts-new-avengers-2025,story,lead_in,migrated_explicit_relation,work-relation-ant-man-and-the-wasp-2018-thunderbolts-new-avengers-2025-lead-in,Legacy relation retained as explicit v5 relation seed pending content audit.,Ghost.
connection-000051,the-falcon-and-the-winter-soldier-2021 -> captain-america-brave-new-world-2025,the-falcon-and-the-winter-soldier-2021,captain-america-brave-new-world-2025,story,story_link,migrated_explicit_relation,work-relation-the-falcon-and-the-winter-soldier-2021-captain-america-brave-new-world-2025-story-link,Legacy relation retained as explicit v5 relation seed pending content audit.,Sam Wilson's Captain America arc.
connection-000052,loki-s1-2021 -> loki-s2-2023,loki-s1-2021,loki-s2-2023,story,sequel,migrated_explicit_relation,work-relation-loki-s1-2021-loki-s2-2023-sequel,Legacy relation retained as explicit v5 relation seed pending content audit.,Season continuation.
connection-000053,what-if-s1-2021 -> what-if-s2-2023,what-if-s1-2021,what-if-s2-2023,story,sequel,migrated_explicit_relation,work-relation-what-if-s1-2021-what-if-s2-2023-sequel,Legacy relation retained as explicit v5 relation seed pending content audit.,Season continuation.
connection-000054,what-if-s2-2023 -> what-if-s3-2024,what-if-s2-2023,what-if-s3-2024,story,sequel,migrated_explicit_relation,work-relation-what-if-s2-2023-what-if-s3-2024-sequel,Legacy relation retained as explicit v5 relation seed pending content audit.,Season continuation.
connection-000055,what-if-s1-2021 -> marvel-zombies-s1-2025,what-if-s1-2021,marvel-zombies-s1-2025,story,spinoff,migrated_explicit_relation,work-relation-what-if-s1-2021-marvel-zombies-s1-2025-spinoff,Legacy relation retained as explicit v5 relation seed pending content audit.,Marvel Zombies spins out of the zombie What If...? concept.
connection-000056,the-fantastic-four-first-steps-2025 -> avengers-doomsday-2026-12-18,the-fantastic-four-first-steps-2025,avengers-doomsday-2026-12-18,story,lead_in,migrated_explicit_relation,work-relation-the-fantastic-four-first-steps-2025-avengers-doomsday-2026-12-18-lead-in,Legacy relation retained as explicit v5 relation seed pending content audit.,Kevin Feige explicitly says First Steps directly leads into Doomsday.
connection-000057,avengers-doomsday-2026-12-18 -> avengers-secret-wars-2027-12-17,avengers-doomsday-2026-12-18,avengers-secret-wars-2027-12-17,story,story_link,migrated_explicit_relation,work-relation-avengers-doomsday-2026-12-18-avengers-secret-wars-2027-12-17-story-link,Legacy relation retained as explicit v5 relation seed pending content audit.,Officially paired Avengers event films.
connection-000058,deadpool-2016 -> deadpool-2-2018,deadpool-2016,deadpool-2-2018,story,sequel,migrated_explicit_relation,work-relation-deadpool-2016-deadpool-2-2018-sequel,Legacy relation retained as explicit v5 relation seed pending content audit.,Same Fox Deadpool continuity.
connection-000059,deadpool-2-2018 -> deadpool-wolverine-2024,deadpool-2-2018,deadpool-wolverine-2024,story,story_link,migrated_explicit_relation,work-relation-deadpool-2-2018-deadpool-wolverine-2024-story-link,Legacy relation retained as explicit v5 relation seed pending content audit.,Wade's film series continues.
connection-000060,logan-2017 -> deadpool-wolverine-2024,logan-2017,deadpool-wolverine-2024,character,lead_in,appearance_derived_pending_audit,,Character-only legacy edge moves to appearances/portrayals; original edge metadata remains in this ledger.,Wolverine/X-23 legacy is central to the film.
connection-000061,deadpool-wolverine-2024 -> avengers-doomsday-2026-12-18,deadpool-wolverine-2024,avengers-doomsday-2026-12-18,crossover,crossover,migrated_explicit_relation,work-relation-deadpool-wolverine-2024-avengers-doomsday-2026-12-18-crossover,Legacy relation retained as explicit v5 relation seed pending content audit.,Feige says D&W scratched the surface of revisiting X-Men and Doomsday goes deeper; do not label as direct sequel.
connection-000062,spider-man-2002 -> spider-man-2-2004,spider-man-2002,spider-man-2-2004,story,sequel,migrated_explicit_relation,work-relation-spider-man-2002-spider-man-2-2004-sequel,Legacy relation retained as explicit v5 relation seed pending content audit.,Raimi trilogy.
connection-000063,spider-man-2-2004 -> spider-man-3-2007,spider-man-2-2004,spider-man-3-2007,story,sequel,migrated_explicit_relation,work-relation-spider-man-2-2004-spider-man-3-2007-sequel,Legacy relation retained as explicit v5 relation seed pending content audit.,Raimi trilogy.
connection-000064,the-amazing-spider-man-2012 -> the-amazing-spider-man-2-2014,the-amazing-spider-man-2012,the-amazing-spider-man-2-2014,story,sequel,migrated_explicit_relation,work-relation-the-amazing-spider-man-2012-the-amazing-spider-man-2-2014-sequel,Legacy relation retained as explicit v5 relation seed pending content audit.,Webb duology.
connection-000065,spider-man-3-2007 -> spider-man-no-way-home-2021,spider-man-3-2007,spider-man-no-way-home-2021,crossover,crossover,migrated_explicit_relation,work-relation-spider-man-3-2007-spider-man-no-way-home-2021-crossover,Legacy relation retained as explicit v5 relation seed pending content audit.,Tobey Maguire's Spider-Man returns.
connection-000066,the-amazing-spider-man-2-2014 -> spider-man-no-way-home-2021,the-amazing-spider-man-2-2014,spider-man-no-way-home-2021,crossover,crossover,migrated_explicit_relation,work-relation-the-amazing-spider-man-2-2014-spider-man-no-way-home-2021-crossover,Legacy relation retained as explicit v5 relation seed pending content audit.,Andrew Garfield's Spider-Man returns.
connection-000067,venom-let-there-be-carnage-2021 -> spider-man-no-way-home-2021,venom-let-there-be-carnage-2021,spider-man-no-way-home-2021,crossover,crossover,migrated_explicit_relation,work-relation-venom-let-there-be-carnage-2021-spider-man-no-way-home-2021-crossover,Legacy relation retained as explicit v5 relation seed pending content audit.,Venom/Eddie crosses into MCU space around No Way Home; show as a dotted multiverse edge.
connection-000068,daredevil-s3-2018 -> spider-man-no-way-home-2021,daredevil-s3-2018,spider-man-no-way-home-2021,character,character_continuity,appearance_derived_pending_audit,,Character-only legacy edge moves to appearances/portrayals; original edge metadata remains in this ledger.,Charlie Cox's Matt Murdock appears.
connection-000069,daredevil-s3-2018 -> daredevil-born-again-s1-2025,daredevil-s3-2018,daredevil-born-again-s1-2025,story,sequel,migrated_explicit_relation,work-relation-daredevil-s3-2018-daredevil-born-again-s1-2025-sequel,Legacy relation retained as explicit v5 relation seed pending content audit.,Matt/Fisk/Karen/Foggy continuity carried forward.
connection-000070,jessica-jones-s3-2019 -> daredevil-born-again-s2-2026,jessica-jones-s3-2019,daredevil-born-again-s2-2026,character,character_continuity,appearance_derived_pending_audit,,Character-only legacy edge moves to appearances/portrayals; original edge metadata remains in this ledger.,Jessica Jones returns in the current street-level branch.
connection-000071,daredevil-s2-2016 -> the-defenders-2017,daredevil-s2-2016,the-defenders-2017,crossover,crossover,migrated_explicit_relation,work-relation-daredevil-s2-2016-the-defenders-2017-crossover,Legacy relation retained as explicit v5 relation seed pending content audit.,Four Netflix hero branches converge in The Defenders.
connection-000072,jessica-jones-s1-2015 -> the-defenders-2017,jessica-jones-s1-2015,the-defenders-2017,crossover,crossover,migrated_explicit_relation,work-relation-jessica-jones-s1-2015-the-defenders-2017-crossover,Legacy relation retained as explicit v5 relation seed pending content audit.,Four Netflix hero branches converge in The Defenders.
connection-000073,luke-cage-s1-2016 -> the-defenders-2017,luke-cage-s1-2016,the-defenders-2017,crossover,crossover,migrated_explicit_relation,work-relation-luke-cage-s1-2016-the-defenders-2017-crossover,Legacy relation retained as explicit v5 relation seed pending content audit.,Four Netflix hero branches converge in The Defenders.
connection-000074,iron-fist-s1-2017 -> the-defenders-2017,iron-fist-s1-2017,the-defenders-2017,crossover,crossover,migrated_explicit_relation,work-relation-iron-fist-s1-2017-the-defenders-2017-crossover,Legacy relation retained as explicit v5 relation seed pending content audit.,Four Netflix hero branches converge in The Defenders.
connection-000075,the-defenders-2017 -> daredevil-s3-2018,the-defenders-2017,daredevil-s3-2018,story,aftermath,migrated_explicit_relation,work-relation-the-defenders-2017-daredevil-s3-2018-aftermath,Legacy relation retained as explicit v5 relation seed pending content audit.,Daredevil's post-Defenders story.
connection-000076,daredevil-s2-2016 -> the-punisher-s1-2017,daredevil-s2-2016,the-punisher-s1-2017,story,spinoff,migrated_explicit_relation,work-relation-daredevil-s2-2016-the-punisher-s1-2017-spinoff,Legacy relation retained as explicit v5 relation seed pending content audit.,Frank Castle introduced in Daredevil S2.
connection-000077,jessica-jones-s1-2015 -> luke-cage-s1-2016,jessica-jones-s1-2015,luke-cage-s1-2016,character,character_continuity,appearance_derived_pending_audit,,Character-only legacy edge moves to appearances/portrayals; original edge metadata remains in this ledger.,Luke Cage spins out from Jessica Jones connection.
connection-000078,blade-trinity-2004 -> deadpool-wolverine-2024,blade-trinity-2004,deadpool-wolverine-2024,crossover,crossover,migrated_explicit_relation,work-relation-blade-trinity-2004-deadpool-wolverine-2024-crossover,Legacy relation retained as explicit v5 relation seed pending content audit.,Wesley Snipes' Blade legacy is explicitly brought into Deadpool & Wolverine.
connection-000079,elektra-2005 -> deadpool-wolverine-2024,elektra-2005,deadpool-wolverine-2024,crossover,crossover,migrated_explicit_relation,work-relation-elektra-2005-deadpool-wolverine-2024-crossover,Legacy relation retained as explicit v5 relation seed pending content audit.,Jennifer Garner's Elektra legacy is explicitly brought into Deadpool & Wolverine.
connection-000080,fantastic-four-rise-of-the-silver-surfer-2007 -> deadpool-wolverine-2024,fantastic-four-rise-of-the-silver-surfer-2007,deadpool-wolverine-2024,crossover,crossover,migrated_explicit_relation,work-relation-fantastic-four-rise-of-the-silver-surfer-2007-deadpool-wolverine-2024-crossover,Legacy relation retained as explicit v5 relation seed pending content audit.,Chris Evans' Human Torch legacy is explicitly brought into Deadpool & Wolverine.
connection-000081,x-men-the-animated-series-19921997 -> x-men-97-s1-2024,x-men-the-animated-series-19921997,x-men-97-s1-2024,story,sequel,migrated_explicit_relation,work-relation-x-men-the-animated-series-19921997-x-men-97-s1-2024-sequel,Legacy relation retained as explicit v5 relation seed pending content audit.,Marvel states X-Men '97 explores new stories in the iconic '90s timeline of the original series.
connection-000082,x-men-97-s1-2024 -> x-men-97-s2-2026-07-01,x-men-97-s1-2024,x-men-97-s2-2026-07-01,story,sequel,migrated_explicit_relation,work-relation-x-men-97-s1-2024-x-men-97-s2-2026-07-01-sequel,Legacy relation retained as explicit v5 relation seed pending content audit.,Season continuation.
connection-000083,iron-man-3-2013 -> all-hail-the-king-2014,iron-man-3-2013,all-hail-the-king-2014,story,sequel,migrated_explicit_relation,work-relation-iron-man-3-2013-all-hail-the-king-2014-sequel,Legacy relation retained as explicit v5 relation seed pending content audit.,Trevor Slattery follow-up.
connection-000084,all-hail-the-king-2014 -> shang-chi-and-the-legend-of-the-ten-rings-2021,all-hail-the-king-2014,shang-chi-and-the-legend-of-the-ten-rings-2021,story,story_link,migrated_explicit_relation,work-relation-all-hail-the-king-2014-shang-chi-and-the-legend-of-the-ten-rings-2021-story-link,Legacy relation retained as explicit v5 relation seed pending content audit.,Trevor Slattery and Ten Rings/Mandarin thread is revisited.
connection-000085,shang-chi-and-the-legend-of-the-ten-rings-2021 -> wonder-man-s1-2026,shang-chi-and-the-legend-of-the-ten-rings-2021,wonder-man-s1-2026,character,character_continuity,appearance_derived_pending_audit,,Character-only legacy edge moves to appearances/portrayals; original edge metadata remains in this ledger.,Trevor Slattery continues into Wonder Man; Marvel published an official Trevor Slattery MCU watch guide.
connection-000086,the-avengers-2012 -> item-47-2012,the-avengers-2012,item-47-2012,story,sequel,migrated_explicit_relation,work-relation-the-avengers-2012-item-47-2012-sequel,Legacy relation retained as explicit v5 relation seed pending content audit.,Post-Avengers SHIELD cleanup story.
connection-000087,captain-america-the-first-avenger-2011 -> agent-carter-one-shot-2013,captain-america-the-first-avenger-2011,agent-carter-one-shot-2013,story,story_link,migrated_explicit_relation,work-relation-captain-america-the-first-avenger-2011-agent-carter-one-shot-2013-story-link,Legacy relation retained as explicit v5 relation seed pending content audit.,Peggy Carter continuation.
connection-000088,iron-man-2-2010 -> iron-man-3-2013,iron-man-2-2010,iron-man-3-2013,story,sequel,migrated_explicit_relation,work-relation-iron-man-2-2010-iron-man-3-2013-sequel,Legacy relation retained as explicit v5 relation seed pending content audit.,Iron Man trilogy direct franchise line.
connection-000089,captain-america-the-first-avenger-2011 -> captain-america-the-winter-soldier-2014,captain-america-the-first-avenger-2011,captain-america-the-winter-soldier-2014,story,sequel,migrated_explicit_relation,work-relation-captain-america-the-first-avenger-2011-captain-america-the-winter-soldier-2014-sequel,Legacy relation retained as explicit v5 relation seed pending content audit.,Captain America film line.
connection-000090,captain-america-the-winter-soldier-2014 -> captain-america-civil-war-2016,captain-america-the-winter-soldier-2014,captain-america-civil-war-2016,story,sequel,migrated_explicit_relation,work-relation-captain-america-the-winter-soldier-2014-captain-america-civil-war-2016-sequel,Legacy relation retained as explicit v5 relation seed pending content audit.,Captain America film line.
connection-000091,thor-the-dark-world-2013 -> thor-ragnarok-2017,thor-the-dark-world-2013,thor-ragnarok-2017,story,sequel,migrated_explicit_relation,work-relation-thor-the-dark-world-2013-thor-ragnarok-2017-sequel,Legacy relation retained as explicit v5 relation seed pending content audit.,Thor film line.
connection-000092,thor-ragnarok-2017 -> thor-love-and-thunder-2022,thor-ragnarok-2017,thor-love-and-thunder-2022,story,sequel,migrated_explicit_relation,work-relation-thor-ragnarok-2017-thor-love-and-thunder-2022-sequel,Legacy relation retained as explicit v5 relation seed pending content audit.,Thor film line; Avengers events occur between.
connection-000093,guardians-of-the-galaxy-vol-2-2017 -> the-guardians-of-the-galaxy-holiday-special-2022,guardians-of-the-galaxy-vol-2-2017,the-guardians-of-the-galaxy-holiday-special-2022,story,story_link,migrated_explicit_relation,work-relation-guardians-of-the-galaxy-vol-2-2017-the-guardians-of-the-galaxy-holiday-special-2022-story-link,Legacy relation retained as explicit v5 relation seed pending content audit.,Guardians branch before Vol. 3.
connection-000094,ant-man-2015 -> ant-man-and-the-wasp-2018,ant-man-2015,ant-man-and-the-wasp-2018,story,sequel,migrated_explicit_relation,work-relation-ant-man-2015-ant-man-and-the-wasp-2018-sequel,Legacy relation retained as explicit v5 relation seed pending content audit.,Ant-Man film line.
connection-000095,ant-man-and-the-wasp-2018 -> ant-man-and-the-wasp-quantumania-2023,ant-man-and-the-wasp-2018,ant-man-and-the-wasp-quantumania-2023,story,sequel,migrated_explicit_relation,work-relation-ant-man-and-the-wasp-2018-ant-man-and-the-wasp-quantumania-2023-sequel,Legacy relation retained as explicit v5 relation seed pending content audit.,Ant-Man film line; Endgame occurs between.
connection-000096,spider-man-homecoming-2017 -> spider-man-far-from-home-2019,spider-man-homecoming-2017,spider-man-far-from-home-2019,story,sequel,migrated_explicit_relation,work-relation-spider-man-homecoming-2017-spider-man-far-from-home-2019-sequel,Legacy relation retained as explicit v5 relation seed pending content audit.,MCU Spider-Man film line.
connection-000097,doctor-strange-2016 -> doctor-strange-in-the-multiverse-of-madness-2022,doctor-strange-2016,doctor-strange-in-the-multiverse-of-madness-2022,story,sequel,migrated_explicit_relation,work-relation-doctor-strange-2016-doctor-strange-in-the-multiverse-of-madness-2022-sequel,Legacy relation retained as explicit v5 relation seed pending content audit.,Doctor Strange film line.
connection-000098,loki-s2-2023 -> deadpool-wolverine-2024,loki-s2-2023,deadpool-wolverine-2024,crossover,crossover,migrated_explicit_relation,work-relation-loki-s2-2023-deadpool-wolverine-2024-crossover,Legacy relation retained as explicit v5 relation seed pending content audit.,Deadpool & Wolverine directly uses the TVA; do not imply Loki S2 is a plot prequel.
connection-000099,i-am-groot-s1-2022 -> i-am-groot-s2-2023,i-am-groot-s1-2022,i-am-groot-s2-2023,story,sequel,migrated_explicit_relation,work-relation-i-am-groot-s1-2022-i-am-groot-s2-2023-sequel,Legacy relation retained as explicit v5 relation seed pending content audit.,Season continuation.
connection-000100,wonder-man-s1-2026 -> wonder-man-s2-tba,wonder-man-s1-2026,wonder-man-s2-tba,story,sequel,rejected_superseded,,Cancelled/superseded Wonder Man Season 2 plan is not a current canonical work relation.,Marvel currently lists Season 2.
connection-000101,your-friendly-neighborhood-spider-man-s1-2025 -> your-friendly-neighborhood-spider-man-s2-2026,your-friendly-neighborhood-spider-man-s1-2025,your-friendly-neighborhood-spider-man-s2-2026,story,sequel,migrated_explicit_relation,work-relation-your-friendly-neighborhood-spider-man-s1-2025-your-friendly-neighborhood-spider-man-s2-2026-sequel,Legacy relation retained as explicit v5 relation seed pending content audit.,Marvel currently lists Season 2.
connection-000102,marvel-s-agent-carter-series-20152016 -> avengers-endgame-2019,marvel-s-agent-carter-series-20152016,avengers-endgame-2019,character,character_continuity,appearance_derived_pending_audit,,Character-only legacy edge moves to appearances/portrayals; original edge metadata remains in this ledger.,Edwin Jarvis from the Agent Carter series appears in Endgame.
connection-000103,daredevil-s1-2015 -> daredevil-s2-2016,daredevil-s1-2015,daredevil-s2-2016,story,sequel,migrated_explicit_relation,work-relation-daredevil-s1-2015-daredevil-s2-2016-sequel,Legacy relation retained as explicit v5 relation seed pending content audit.,Season continuation.
connection-000104,jessica-jones-s1-2015 -> jessica-jones-s2-2018,jessica-jones-s1-2015,jessica-jones-s2-2018,story,sequel,migrated_explicit_relation,work-relation-jessica-jones-s1-2015-jessica-jones-s2-2018-sequel,Legacy relation retained as explicit v5 relation seed pending content audit.,Season continuation.
connection-000105,jessica-jones-s2-2018 -> jessica-jones-s3-2019,jessica-jones-s2-2018,jessica-jones-s3-2019,story,sequel,migrated_explicit_relation,work-relation-jessica-jones-s2-2018-jessica-jones-s3-2019-sequel,Legacy relation retained as explicit v5 relation seed pending content audit.,Season continuation.
connection-000106,luke-cage-s1-2016 -> luke-cage-s2-2018,luke-cage-s1-2016,luke-cage-s2-2018,story,sequel,migrated_explicit_relation,work-relation-luke-cage-s1-2016-luke-cage-s2-2018-sequel,Legacy relation retained as explicit v5 relation seed pending content audit.,Season continuation.
connection-000107,iron-fist-s1-2017 -> iron-fist-s2-2018,iron-fist-s1-2017,iron-fist-s2-2018,story,sequel,migrated_explicit_relation,work-relation-iron-fist-s1-2017-iron-fist-s2-2018-sequel,Legacy relation retained as explicit v5 relation seed pending content audit.,Season continuation.
connection-000108,the-punisher-s1-2017 -> the-punisher-s2-2019,the-punisher-s1-2017,the-punisher-s2-2019,story,sequel,migrated_explicit_relation,work-relation-the-punisher-s1-2017-the-punisher-s2-2019-sequel,Legacy relation retained as explicit v5 relation seed pending content audit.,Season continuation.
connection-000109,x-men-2000 -> x2-x-men-united-2003,x-men-2000,x2-x-men-united-2003,story,sequel,migrated_explicit_relation,work-relation-x-men-2000-x2-x-men-united-2003-sequel,Legacy relation retained as explicit v5 relation seed pending content audit.,Original Fox X-Men trilogy.
connection-000110,x2-x-men-united-2003 -> x-men-the-last-stand-2006,x2-x-men-united-2003,x-men-the-last-stand-2006,story,sequel,migrated_explicit_relation,work-relation-x2-x-men-united-2003-x-men-the-last-stand-2006-sequel,Legacy relation retained as explicit v5 relation seed pending content audit.,Original Fox X-Men trilogy.
connection-000111,x-men-first-class-2011 -> x-men-days-of-future-past-2014,x-men-first-class-2011,x-men-days-of-future-past-2014,crossover,crossover,migrated_explicit_relation,work-relation-x-men-first-class-2011-x-men-days-of-future-past-2014-crossover,Legacy relation retained as explicit v5 relation seed pending content audit.,Fox prequel timeline continues and intersects prior cast.
connection-000112,x-men-days-of-future-past-2014 -> x-men-apocalypse-2016,x-men-days-of-future-past-2014,x-men-apocalypse-2016,story,sequel,migrated_explicit_relation,work-relation-x-men-days-of-future-past-2014-x-men-apocalypse-2016-sequel,Legacy relation retained as explicit v5 relation seed pending content audit.,Revised/prequel timeline.
connection-000113,x-men-apocalypse-2016 -> dark-phoenix-2019,x-men-apocalypse-2016,dark-phoenix-2019,story,sequel,migrated_explicit_relation,work-relation-x-men-apocalypse-2016-dark-phoenix-2019-sequel,Legacy relation retained as explicit v5 relation seed pending content audit.,Revised/prequel timeline.
connection-000114,x-men-origins-wolverine-2009 -> the-wolverine-2013,x-men-origins-wolverine-2009,the-wolverine-2013,story,sequel,migrated_explicit_relation,work-relation-x-men-origins-wolverine-2009-the-wolverine-2013-sequel,Legacy relation retained as explicit v5 relation seed pending content audit.,Same Wolverine film branch; Fox continuity is affected by later time travel.
connection-000115,the-wolverine-2013 -> logan-2017,the-wolverine-2013,logan-2017,story,sequel,migrated_explicit_relation,work-relation-the-wolverine-2013-logan-2017-sequel,Legacy relation retained as explicit v5 relation seed pending content audit.,Character/franchise lineage; avoid claiming a simple unbroken timeline.
connection-000116,blade-1998-1998 -> blade-ii-2002,blade-1998-1998,blade-ii-2002,story,sequel,migrated_explicit_relation,work-relation-blade-1998-1998-blade-ii-2002-sequel,Legacy relation retained as explicit v5 relation seed pending content audit.,Blade legacy trilogy.
connection-000117,blade-ii-2002 -> blade-trinity-2004,blade-ii-2002,blade-trinity-2004,story,sequel,migrated_explicit_relation,work-relation-blade-ii-2002-blade-trinity-2004-sequel,Legacy relation retained as explicit v5 relation seed pending content audit.,Blade legacy trilogy.
connection-000118,daredevil-2003 -> elektra-2005,daredevil-2003,elektra-2005,story,spinoff,migrated_explicit_relation,work-relation-daredevil-2003-elektra-2005-spinoff,Legacy relation retained as explicit v5 relation seed pending content audit.,Elektra spins out of the 2003 Daredevil film continuity.
connection-000119,fantastic-four-2005 -> fantastic-four-rise-of-the-silver-surfer-2007,fantastic-four-2005,fantastic-four-rise-of-the-silver-surfer-2007,story,sequel,migrated_explicit_relation,work-relation-fantastic-four-2005-fantastic-four-rise-of-the-silver-surfer-2007-sequel,Legacy relation retained as explicit v5 relation seed pending content audit.,Fox Fantastic Four film line.
connection-000120,the-incredible-hulk-2008 -> the-avengers-2012,the-incredible-hulk-2008,the-avengers-2012,story,crossover,migrated_explicit_relation,work-relation-the-incredible-hulk-2008-the-avengers-2012-crossover,Legacy relation retained as explicit v5 relation seed pending content audit.,ブルース・バナー／ハルクが次にアベンジャーズの主要メンバーとして合流。
connection-000121,the-incredible-hulk-2008 -> the-consultant-2011,the-incredible-hulk-2008,the-consultant-2011,story,story_link,migrated_explicit_relation,work-relation-the-incredible-hulk-2008-the-consultant-2011-story-link,Legacy relation retained as explicit v5 relation seed pending content audit.,ワンショットが『インクレディブル・ハルク』終盤のロス／スターク周辺を補完。
connection-000122,the-consultant-2011 -> the-avengers-2012,the-consultant-2011,the-avengers-2012,story,story_link,migrated_explicit_relation,work-relation-the-consultant-2011-the-avengers-2012-story-link,Legacy relation retained as explicit v5 relation seed pending content audit.,コールソン／フューリー側のアベンジャーズ計画を補助するワンショット。
connection-000123,iron-man-2-2010 -> a-funny-thing-happened-on-the-way-to-thor-s-hammer-2011,iron-man-2-2010,a-funny-thing-happened-on-the-way-to-thor-s-hammer-2011,story,story_link,migrated_explicit_relation,work-relation-iron-man-2-2010-a-funny-thing-happened-on-the-way-to-thor-s-hammer-2011-story-link,Legacy relation retained as explicit v5 relation seed pending content audit.,『アイアンマン2』後、コールソンがニューメキシコへ向かう途中の出来事。
connection-000124,a-funny-thing-happened-on-the-way-to-thor-s-hammer-2011 -> thor-2011,a-funny-thing-happened-on-the-way-to-thor-s-hammer-2011,thor-2011,story,story_link,migrated_explicit_relation,work-relation-a-funny-thing-happened-on-the-way-to-thor-s-hammer-2011-thor-2011-story-link,Legacy relation retained as explicit v5 relation seed pending content audit.,コールソンがニューメキシコへ向かう流れが『マイティ・ソー』へ接続。
connection-000125,iron-man-2-2010 -> thor-2011,iron-man-2-2010,thor-2011,world_lore,world_lore,migrated_explicit_relation,work-relation-iron-man-2-2010-thor-2011-world-lore,Legacy relation retained as explicit v5 relation seed pending content audit.,『アイアンマン2』終盤からコールソンのニューメキシコ任務へ連続。
connection-000126,thor-the-dark-world-2013 -> guardians-of-the-galaxy-2014,thor-the-dark-world-2013,guardians-of-the-galaxy-2014,story,story_link,migrated_explicit_relation,work-relation-thor-the-dark-world-2013-guardians-of-the-galaxy-2014-story-link,Legacy relation retained as explicit v5 relation seed pending content audit.,エーテルをコレクターへ預ける流れが宇宙側・インフィニティ・ストーン枝へ接続。
connection-000127,doctor-strange-2016 -> thor-ragnarok-2017,doctor-strange-2016,thor-ragnarok-2017,story,story_link,migrated_explicit_relation,work-relation-doctor-strange-2016-thor-ragnarok-2017-story-link,Legacy relation retained as explicit v5 relation seed pending content audit.,ストレンジがソーとロキのオーディン捜索に関与。
connection-000128,avengers-age-of-ultron-2015 -> black-panther-2018,avengers-age-of-ultron-2015,black-panther-2018,story,world_lore,migrated_explicit_relation,work-relation-avengers-age-of-ultron-2015-black-panther-2018-world-lore,Legacy relation retained as explicit v5 relation seed pending content audit.,ユリシーズ・クロウとワカンダ由来のヴィブラニウム設定が『ブラックパンサー』へ続く。
connection-000129,captain-america-civil-war-2016 -> black-panther-2018,captain-america-civil-war-2016,black-panther-2018,story,story_link,migrated_explicit_relation,work-relation-captain-america-civil-war-2016-black-panther-2018-story-link,Legacy relation retained as explicit v5 relation seed pending content audit.,ティ・チャラ／ワカンダのMCU初登場から単独作へ。
connection-000130,captain-america-civil-war-2016 -> spider-man-homecoming-2017,captain-america-civil-war-2016,spider-man-homecoming-2017,story,story_link,migrated_explicit_relation,work-relation-captain-america-civil-war-2016-spider-man-homecoming-2017-story-link,Legacy relation retained as explicit v5 relation seed pending content audit.,ピーターのアベンジャーズ参加経験を受けて『ホームカミング』が始まる。
connection-000131,captain-america-civil-war-2016 -> black-widow-2021,captain-america-civil-war-2016,black-widow-2021,story,aftermath,migrated_explicit_relation,work-relation-captain-america-civil-war-2016-black-widow-2021-aftermath,Legacy relation retained as explicit v5 relation seed pending content audit.,『ブラック・ウィドウ』本編は『シビル・ウォー』直後のナターシャを描く。
connection-000132,captain-america-civil-war-2016 -> the-falcon-and-the-winter-soldier-2021,captain-america-civil-war-2016,the-falcon-and-the-winter-soldier-2021,character,character_continuity,appearance_derived_pending_audit,,Character-only legacy edge moves to appearances/portrayals; original edge metadata remains in this ledger.,サムとバッキーの関係・アベンジャーズ分裂期の前史として接続。
connection-000133,black-panther-2018 -> avengers-infinity-war-2018,black-panther-2018,avengers-infinity-war-2018,story,crossover,migrated_explicit_relation,work-relation-black-panther-2018-avengers-infinity-war-2018-crossover,Legacy relation retained as explicit v5 relation seed pending content audit.,ワカンダと主要人物が『インフィニティ・ウォー』終盤の戦いへ直接合流。
connection-000134,captain-marvel-2019 -> avengers-endgame-2019,captain-marvel-2019,avengers-endgame-2019,story,crossover,migrated_explicit_relation,work-relation-captain-marvel-2019-avengers-endgame-2019-crossover,Legacy relation retained as explicit v5 relation seed pending content audit.,キャロルが『エンドゲーム』でアベンジャーズ側へ合流。
connection-000135,avengers-endgame-2019 -> wandavision-2021,avengers-endgame-2019,wandavision-2021,story,story_link,migrated_explicit_relation,work-relation-avengers-endgame-2019-wandavision-2021-story-link,Legacy relation retained as explicit v5 relation seed pending content audit.,ヴィジョン喪失と『エンドゲーム』後のワンダが『ワンダヴィジョン』へ続く。
connection-000136,avengers-infinity-war-2018 -> wandavision-2021,avengers-infinity-war-2018,wandavision-2021,story,story_link,migrated_explicit_relation,work-relation-avengers-infinity-war-2018-wandavision-2021-story-link,Legacy relation retained as explicit v5 relation seed pending content audit.,ヴィジョンの死が『ワンダヴィジョン』の中心的前提。
connection-000137,avengers-age-of-ultron-2015 -> wandavision-2021,avengers-age-of-ultron-2015,wandavision-2021,story,story_link,migrated_explicit_relation,work-relation-avengers-age-of-ultron-2015-wandavision-2021-story-link,Legacy relation retained as explicit v5 relation seed pending content audit.,ワンダとヴィジョンのMCU上の起点。
connection-000138,captain-america-civil-war-2016 -> wandavision-2021,captain-america-civil-war-2016,wandavision-2021,world_lore,world_lore,migrated_explicit_relation,work-relation-captain-america-civil-war-2016-wandavision-2021-world-lore,Legacy relation retained as explicit v5 relation seed pending content audit.,『シビル・ウォー』で二人の関係とソコヴィア協定下の状況が発展。
connection-000139,thor-the-dark-world-2013 -> wandavision-2021,thor-the-dark-world-2013,wandavision-2021,character,character_continuity,appearance_derived_pending_audit,,Character-only legacy edge moves to appearances/portrayals; original edge metadata remains in this ledger.,ダーシーがソー枝から『ワンダヴィジョン』へ再登場。
connection-000140,ant-man-and-the-wasp-2018 -> wandavision-2021,ant-man-and-the-wasp-2018,wandavision-2021,character,character_continuity,appearance_derived_pending_audit,,Character-only legacy edge moves to appearances/portrayals; original edge metadata remains in this ledger.,FBI捜査官ジミー・ウーが『ワンダヴィジョン』へ再登場。
connection-000141,captain-marvel-2019 -> wandavision-2021,captain-marvel-2019,wandavision-2021,character,character_continuity,appearance_derived_pending_audit,,Character-only legacy edge moves to appearances/portrayals; original edge metadata remains in this ledger.,『キャプテン・マーベル』の少女モニカが成人して再登場。
connection-000142,avengers-endgame-2019 -> the-falcon-and-the-winter-soldier-2021,avengers-endgame-2019,the-falcon-and-the-winter-soldier-2021,story,story_link,migrated_explicit_relation,work-relation-avengers-endgame-2019-the-falcon-and-the-winter-soldier-2021-story-link,Legacy relation retained as explicit v5 relation seed pending content audit.,サムが盾を託された『エンドゲーム』を直接受けるシリーズ。
connection-000143,avengers-endgame-2019 -> loki-s1-2021,avengers-endgame-2019,loki-s1-2021,story,story_link,migrated_explicit_relation,work-relation-avengers-endgame-2019-loki-s1-2021-story-link,Legacy relation retained as explicit v5 relation seed pending content audit.,『エンドゲーム』の2012年タイム強奪でロキがテッセラクトを奪った分岐から始まる。
connection-000144,avengers-endgame-2019 -> hawkeye-2021,avengers-endgame-2019,hawkeye-2021,story,aftermath,migrated_explicit_relation,work-relation-avengers-endgame-2019-hawkeye-2021-aftermath,Legacy relation retained as explicit v5 relation seed pending content audit.,ローニン期とナターシャ喪失を抱えるクリントの後日談。
connection-000145,avengers-endgame-2019 -> eternals-2021,avengers-endgame-2019,eternals-2021,story,story_link,migrated_explicit_relation,work-relation-avengers-endgame-2019-eternals-2021-story-link,Legacy relation retained as explicit v5 relation seed pending content audit.,ブリップからの人口回復がエマージェンス進行の前提として語られる。
connection-000146,avengers-endgame-2019 -> she-hulk-attorney-at-law-2022,avengers-endgame-2019,she-hulk-attorney-at-law-2022,character,character_continuity,appearance_derived_pending_audit,,Character-only legacy edge moves to appearances/portrayals; original edge metadata remains in this ledger.,ブルースのスマート・ハルク状態と家族関係が『シー・ハルク』へ継続。
connection-000147,the-incredible-hulk-2008 -> she-hulk-attorney-at-law-2022,the-incredible-hulk-2008,she-hulk-attorney-at-law-2022,character,character_continuity,appearance_derived_pending_audit,,Character-only legacy edge moves to appearances/portrayals; original edge metadata remains in this ledger.,ブルース・バナーとエミル・ブロンスキー／アボミネーションの枝を再接続。
connection-000148,the-incredible-hulk-2008 -> shang-chi-and-the-legend-of-the-ten-rings-2021,the-incredible-hulk-2008,shang-chi-and-the-legend-of-the-ten-rings-2021,character,character_continuity,appearance_derived_pending_audit,,Character-only legacy edge moves to appearances/portrayals; original edge metadata remains in this ledger.,アボミネーションがウォンとともに再登場。
connection-000149,shang-chi-and-the-legend-of-the-ten-rings-2021 -> she-hulk-attorney-at-law-2022,shang-chi-and-the-legend-of-the-ten-rings-2021,she-hulk-attorney-at-law-2022,character,character_continuity,appearance_derived_pending_audit,,Character-only legacy edge moves to appearances/portrayals; original edge metadata remains in this ledger.,ウォンとブロンスキーの関係が『シー・ハルク』で扱われる。
connection-000150,the-incredible-hulk-2008 -> captain-america-brave-new-world-2025,the-incredible-hulk-2008,captain-america-brave-new-world-2025,story,story_link,migrated_explicit_relation,work-relation-the-incredible-hulk-2008-captain-america-brave-new-world-2025-story-link,Legacy relation retained as explicit v5 relation seed pending content audit.,サディアス・ロスとサミュエル・スターンズ／リーダーを長期的に回収。
connection-000151,guardians-of-the-galaxy-vol-2-2017 -> i-am-groot-s1-2022,guardians-of-the-galaxy-vol-2-2017,i-am-groot-s1-2022,story,story_link,migrated_explicit_relation,work-relation-guardians-of-the-galaxy-vol-2-2017-i-am-groot-s1-2022-story-link,Legacy relation retained as explicit v5 relation seed pending content audit.,ベビー・グルート期の短編群。
connection-000152,captain-marvel-2019 -> secret-invasion-2023,captain-marvel-2019,secret-invasion-2023,world_lore,world_lore,migrated_explicit_relation,work-relation-captain-marvel-2019-secret-invasion-2023-world-lore,Legacy relation retained as explicit v5 relation seed pending content audit.,フューリー、タロス、スクラル問題を『キャプテン・マーベル』から引き継ぐ。
connection-000153,secret-invasion-2023 -> the-marvels-2023,secret-invasion-2023,the-marvels-2023,world_lore,world_lore,migrated_explicit_relation,work-relation-secret-invasion-2023-the-marvels-2023-world-lore,Legacy relation retained as explicit v5 relation seed pending content audit.,フューリーとスクラルを扱う直近シリーズとして隣接。ただし直接続編とは扱わない。
connection-000154,daredevil-s3-2018 -> she-hulk-attorney-at-law-2022,daredevil-s3-2018,she-hulk-attorney-at-law-2022,character,character_continuity,appearance_derived_pending_audit,,Character-only legacy edge moves to appearances/portrayals; original edge metadata remains in this ledger.,Netflix期のマット・マードック／デアデビルがMCU側作品へ再登場。
connection-000155,spider-man-no-way-home-2021 -> she-hulk-attorney-at-law-2022,spider-man-no-way-home-2021,she-hulk-attorney-at-law-2022,character,character_continuity,appearance_derived_pending_audit,,Character-only legacy edge moves to appearances/portrayals; original edge metadata remains in this ledger.,『ノー・ウェイ・ホーム』で再登場したマットが『シー・ハルク』にも登場。
connection-000156,she-hulk-attorney-at-law-2022 -> daredevil-born-again-s1-2025,she-hulk-attorney-at-law-2022,daredevil-born-again-s1-2025,story,story_link,migrated_explicit_relation,work-relation-she-hulk-attorney-at-law-2022-daredevil-born-again-s1-2025-story-link,Legacy relation retained as explicit v5 relation seed pending content audit.,マット／デアデビルの現行MCU客演から『ボーン・アゲイン』へ。
connection-000157,the-punisher-s2-2019 -> daredevil-born-again-s1-2025,the-punisher-s2-2019,daredevil-born-again-s1-2025,character,character_continuity,appearance_derived_pending_audit,,Character-only legacy edge moves to appearances/portrayals; original edge metadata remains in this ledger.,ジョン・バーンサル演じるフランクが『ボーン・アゲイン』へ復帰。
connection-000158,the-defenders-2017 -> jessica-jones-s2-2018,the-defenders-2017,jessica-jones-s2-2018,story,story_link,migrated_explicit_relation,work-relation-the-defenders-2017-jessica-jones-s2-2018-story-link,Legacy relation retained as explicit v5 relation seed pending content audit.,合流イベント後、ジェシカの個別シリーズへ戻る。
connection-000159,the-defenders-2017 -> luke-cage-s2-2018,the-defenders-2017,luke-cage-s2-2018,story,story_link,migrated_explicit_relation,work-relation-the-defenders-2017-luke-cage-s2-2018-story-link,Legacy relation retained as explicit v5 relation seed pending content audit.,合流イベント後、ルークの個別シリーズへ戻る。
connection-000160,the-defenders-2017 -> iron-fist-s2-2018,the-defenders-2017,iron-fist-s2-2018,story,story_link,migrated_explicit_relation,work-relation-the-defenders-2017-iron-fist-s2-2018-story-link,Legacy relation retained as explicit v5 relation seed pending content audit.,合流イベント後、ダニーの個別シリーズへ戻る。
connection-000161,agent-carter-one-shot-2013 -> marvel-s-agent-carter-series-20152016,agent-carter-one-shot-2013,marvel-s-agent-carter-series-20152016,story,story_link,migrated_explicit_relation,work-relation-agent-carter-one-shot-2013-marvel-s-agent-carter-series-20152016-story-link,Legacy relation retained as explicit v5 relation seed pending content audit.,ペギー・カーターを中心とするワンショットからドラマシリーズへの同人物枝。
connection-000162,marvel-s-agent-carter-series-20152016 -> agents-of-s-h-i-e-l-d-20132020,marvel-s-agent-carter-series-20152016,agents-of-s-h-i-e-l-d-20132020,character,character_continuity,appearance_derived_pending_audit,,Character-only legacy edge moves to appearances/portrayals; original edge metadata remains in this ledger.,『エージェント・カーター』のダニエル・スーザが『エージェント・オブ・シールド』へ登場。
connection-000163,the-avengers-2012 -> agents-of-s-h-i-e-l-d-20132020,the-avengers-2012,agents-of-s-h-i-e-l-d-20132020,world_lore,world_lore,migrated_explicit_relation,work-relation-the-avengers-2012-agents-of-s-h-i-e-l-d-20132020-world-lore,Legacy relation retained as explicit v5 relation seed pending content audit.,『アベンジャーズ』後のコールソンとS.H.I.E.L.D.を起点とするTV枝。
connection-000164,thor-the-dark-world-2013 -> agents-of-s-h-i-e-l-d-20132020,thor-the-dark-world-2013,agents-of-s-h-i-e-l-d-20132020,story,story_link,migrated_explicit_relation,work-relation-thor-the-dark-world-2013-agents-of-s-h-i-e-l-d-20132020-story-link,Legacy relation retained as explicit v5 relation seed pending content audit.,映画事件を受けたエピソード連動。
connection-000165,captain-america-the-winter-soldier-2014 -> agents-of-s-h-i-e-l-d-20132020,captain-america-the-winter-soldier-2014,agents-of-s-h-i-e-l-d-20132020,world_lore,world_lore,migrated_explicit_relation,work-relation-captain-america-the-winter-soldier-2014-agents-of-s-h-i-e-l-d-20132020-world-lore,Legacy relation retained as explicit v5 relation seed pending content audit.,HYDRA暴露とS.H.I.E.L.D.崩壊がTVシリーズへ直接波及。
connection-000166,avengers-age-of-ultron-2015 -> agents-of-s-h-i-e-l-d-20132020,avengers-age-of-ultron-2015,agents-of-s-h-i-e-l-d-20132020,world_lore,world_lore,migrated_explicit_relation,work-relation-avengers-age-of-ultron-2015-agents-of-s-h-i-e-l-d-20132020-world-lore,Legacy relation retained as explicit v5 relation seed pending content audit.,Theta Protocol等で映画イベントとTV側が補助的に接続。現行MCU正史断定とは分離。
connection-000167,cloak-dagger-20182019 -> runaways-20172019,cloak-dagger-20182019,runaways-20172019,crossover,crossover,migrated_explicit_relation,work-relation-cloak-dagger-20182019-runaways-20172019-crossover,Legacy relation retained as explicit v5 relation seed pending content audit.,クローク＆ダガーが『ランナウェイズ』シーズン3に直接登場する公式クロスオーバー。
connection-000168,venom-2018 -> venom-let-there-be-carnage-2021,venom-2018,venom-let-there-be-carnage-2021,story,sequel,migrated_explicit_relation,work-relation-venom-2018-venom-let-there-be-carnage-2021-sequel,Legacy relation retained as explicit v5 relation seed pending content audit.,ソニー公式が『ヴェノム』の続編として位置づける。
connection-000169,venom-let-there-be-carnage-2021 -> venom-the-last-dance-2024,venom-let-there-be-carnage-2021,venom-the-last-dance-2024,story,story_link,migrated_explicit_relation,work-relation-venom-let-there-be-carnage-2021-venom-the-last-dance-2024-story-link,Legacy relation retained as explicit v5 relation seed pending content audit.,ヴェノム映画シリーズ第3作・三部作の完結編。
connection-000170,spider-man-into-the-spider-verse-2018 -> spider-man-across-the-spider-verse-2023,spider-man-into-the-spider-verse-2018,spider-man-across-the-spider-verse-2023,story,sequel,migrated_explicit_relation,work-relation-spider-man-into-the-spider-verse-2018-spider-man-across-the-spider-verse-2023-sequel,Legacy relation retained as explicit v5 relation seed pending content audit.,『スパイダーバース』の次章／続編。
connection-000171,spider-man-across-the-spider-verse-2023 -> spider-man-beyond-the-spider-verse-tba,spider-man-across-the-spider-verse-2023,spider-man-beyond-the-spider-verse-tba,story,sequel,migrated_explicit_relation,work-relation-spider-man-across-the-spider-verse-2023-spider-man-beyond-the-spider-verse-tba-sequel,Legacy relation retained as explicit v5 relation seed pending content audit.,三部作の次作として発表済み。
connection-000172,x-men-the-last-stand-2006 -> the-wolverine-2013,x-men-the-last-stand-2006,the-wolverine-2013,story,aftermath,migrated_explicit_relation,work-relation-x-men-the-last-stand-2006-the-wolverine-2013-aftermath,Legacy relation retained as explicit v5 relation seed pending content audit.,ジーンの死を引きずるローガンを描き、旧X-MEN三部作の後日談として接続。
connection-000173,the-wolverine-2013 -> x-men-days-of-future-past-2014,the-wolverine-2013,x-men-days-of-future-past-2014,story,lead_in,migrated_explicit_relation,work-relation-the-wolverine-2013-x-men-days-of-future-past-2014-lead-in,Legacy relation retained as explicit v5 relation seed pending content audit.,マグニートー／プロフェッサーXの登場で『フューチャー＆パスト』へ橋渡し。
connection-000174,x-men-the-last-stand-2006 -> x-men-days-of-future-past-2014,x-men-the-last-stand-2006,x-men-days-of-future-past-2014,story,story_link,migrated_explicit_relation,work-relation-x-men-the-last-stand-2006-x-men-days-of-future-past-2014-story-link,Legacy relation retained as explicit v5 relation seed pending content audit.,『フューチャー＆パスト』未来側は旧三部作の人物・状況を引き継ぐ。
connection-000175,avengers-age-of-ultron-2015 -> visionquest-2026-10-14,avengers-age-of-ultron-2015,visionquest-2026-10-14,story,story_link,migrated_explicit_relation,work-relation-avengers-age-of-ultron-2015-visionquest-2026-10-14-story-link,Legacy relation retained as explicit v5 relation seed pending content audit.,ジェームズ・スペイダーのウルトロン復帰とヴィジョンの起点を回収。
connection-000176,avengers-endgame-2019 -> avengers-doomsday-2026-12-18,avengers-endgame-2019,avengers-doomsday-2026-12-18,story,story_link,migrated_explicit_relation,work-relation-avengers-endgame-2019-avengers-doomsday-2026-12-18-story-link,Legacy relation retained as explicit v5 relation seed pending content audit.,日本公式がDoomsday公開前にEndgame: Encoreを再上映。直接前日譚とは扱わない。
connection-000177,thor-love-and-thunder-2022 -> avengers-doomsday-2026-12-18,thor-love-and-thunder-2022,avengers-doomsday-2026-12-18,character,character_continuity,appearance_derived_pending_audit,,Character-only legacy edge moves to appearances/portrayals; original edge metadata remains in this ledger.,日本公式がソーの帰還を明示。直接前日譚ではなく出演・帰還レイヤー。
connection-000178,black-panther-wakanda-forever-2022 -> avengers-doomsday-2026-12-18,black-panther-wakanda-forever-2022,avengers-doomsday-2026-12-18,character,character_continuity,appearance_derived_pending_audit,,Character-only legacy edge moves to appearances/portrayals; original edge metadata remains in this ledger.,日本公式がワカンダの帰還を明示し、シュリ／M’バク／ネイモアも出演確認。
connection-000179,ant-man-and-the-wasp-quantumania-2023 -> avengers-doomsday-2026-12-18,ant-man-and-the-wasp-quantumania-2023,avengers-doomsday-2026-12-18,promotion,promotion,migrated_promotion_fact,work-relation-ant-man-and-the-wasp-quantumania-2023-avengers-doomsday-2026-12-18-promotion,Official promotional association retained as a promotion fact; prewatch tier is view/policy data.,日本公式のDoomsday公開記念関連13作品に含まれる。直接前日譚・出演確認の根拠とは分離。
connection-000180,captain-america-brave-new-world-2025 -> avengers-doomsday-2026-12-18,captain-america-brave-new-world-2025,avengers-doomsday-2026-12-18,promotion,promotion,migrated_promotion_fact,work-relation-captain-america-brave-new-world-2025-avengers-doomsday-2026-12-18-promotion,Official promotional association retained as a promotion fact; prewatch tier is view/policy data.,日本公式のDoomsday公開記念関連13作品に含まれる。直接前日譚・出演確認の根拠とは分離。
connection-000181,shang-chi-and-the-legend-of-the-ten-rings-2021 -> avengers-doomsday-2026-12-18,shang-chi-and-the-legend-of-the-ten-rings-2021,avengers-doomsday-2026-12-18,promotion,promotion,migrated_promotion_fact,work-relation-shang-chi-and-the-legend-of-the-ten-rings-2021-avengers-doomsday-2026-12-18-promotion,Official promotional association retained as a promotion fact; prewatch tier is view/policy data.,日本公式のDoomsday公開記念関連13作品に含まれる。直接前日譚・出演確認の根拠とは分離。
connection-000182,thunderbolts-new-avengers-2025 -> avengers-doomsday-2026-12-18,thunderbolts-new-avengers-2025,avengers-doomsday-2026-12-18,story,lead_in,migrated_explicit_relation,work-relation-thunderbolts-new-avengers-2025-avengers-doomsday-2026-12-18-lead-in,Legacy relation retained as explicit v5 relation seed pending content audit.,日本公式がサンダーボルツ*をDoomsdayにつながる見逃せない一作と明示。
connection-000183,marvel-s-agent-carter-series-20152016 -> avengers-doomsday-2026-12-18,marvel-s-agent-carter-series-20152016,avengers-doomsday-2026-12-18,character,character_continuity,appearance_derived_pending_audit,,Character-only legacy edge moves to appearances/portrayals; original edge metadata remains in this ledger.,ヘイリー・アトウェル／ペギー・カーターの出演確認。どの時点・変異体かは未確定。
connection-000184,x-men-the-last-stand-2006 -> avengers-doomsday-2026-12-18,x-men-the-last-stand-2006,avengers-doomsday-2026-12-18,character,character_continuity,appearance_derived_pending_audit,,Character-only legacy edge moves to appearances/portrayals; original edge metadata remains in this ledger.,サイクロップス、ビースト、ミスティーク等の旧X-MEN俳優陣が出演確認。旧映画からの直接続編とは断定しない。
connection-000185,the-marvels-2023 -> avengers-doomsday-2026-12-18,the-marvels-2023,avengers-doomsday-2026-12-18,story,story_link,migrated_explicit_relation,work-relation-the-marvels-2023-avengers-doomsday-2026-12-18-story-link,Legacy relation retained as explicit v5 relation seed pending content audit.,The Marvels終盤のBeastをX-MEN橋渡しとして参照。加えて日本公式Doomsday関連13作品に含まれる。直接続編とはしない。
connection-000186,thor-2011 -> thor-the-dark-world-2013,thor-2011,thor-the-dark-world-2013,story,sequel,migrated_explicit_relation,work-relation-thor-2011-thor-the-dark-world-2013-sequel,Legacy relation retained as explicit v5 relation seed pending content audit.,『マイティ・ソー』から同じThor/Loki/Asgard枝を引き継ぐ直接続編。『アベンジャーズ』を挟むが、ソー単独シリーズの直系接続として表示。
connection-000187,the-avengers-2012 -> iron-man-3-2013,the-avengers-2012,iron-man-3-2013,story,aftermath,migrated_explicit_relation,work-relation-the-avengers-2012-iron-man-3-2013-aftermath,Legacy relation retained as explicit v5 relation seed pending content audit.,『アイアンマン3』のTony Starkは『アベンジャーズ』ニューヨーク決戦の体験を引きずっており、Phase 1イベントの明確な後日談として機能する。
connection-000188,iron-man-3-2013 -> avengers-age-of-ultron-2015,iron-man-3-2013,avengers-age-of-ultron-2015,story,story_link,migrated_explicit_relation,work-relation-iron-man-3-2013-avengers-age-of-ultron-2015-story-link,Legacy relation retained as explicit v5 relation seed pending content audit.,Tony Stark/Iron Manが単独作からAvengersの中心人物として継続。直接続編ではないためmediumで表示。
connection-000189,spider-man-far-from-home-2019 -> secret-invasion-2023,spider-man-far-from-home-2019,secret-invasion-2023,world_lore,world_lore,migrated_explicit_relation,work-relation-spider-man-far-from-home-2019-secret-invasion-2023-world-lore,Legacy relation retained as explicit v5 relation seed pending content audit.,『ファー・フロム・ホーム』でSoren/TalosとFuryの宇宙側状況が示され、『シークレット・インベージョン』でFury/Talos/Skrull問題が主軸になる。直接続編とは断定しない。
connection-000190,guardians-of-the-galaxy-2014 -> captain-marvel-2019,guardians-of-the-galaxy-2014,captain-marvel-2019,world_lore,lead_in,migrated_explicit_relation,work-relation-guardians-of-the-galaxy-2014-captain-marvel-2019-lead-in,Legacy relation retained as explicit v5 relation seed pending content audit.,RonanとKorath、Kree勢力が両作品を横断。『キャプテン・マーベル』は年代上は過去だが、公開順ベースの背景理解線として表示。
connection-000191,x-men-2000 -> deadpool-wolverine-2024,x-men-2000,deadpool-wolverine-2024,character,character_continuity,appearance_derived_pending_audit,,Character-only legacy edge moves to appearances/portrayals; original edge metadata remains in this ledger.,2000年『X-MEN』のTyler Mane版Sabretoothが『デッドプール＆ウルヴァリン』に再登場。旧映画の直続編とはせずlegacy multiverse bridgeとして表示。
connection-000192,x-men-the-last-stand-2006 -> deadpool-wolverine-2024,x-men-the-last-stand-2006,deadpool-wolverine-2024,story,character_continuity,appearance_derived_pending_audit,,Character-only legacy edge moves to appearances/portrayals; original edge metadata remains in this ledger.,Aaron Stanford版Pyroが『X2』『ファイナル ディシジョン』から18年ぶりに同役で帰還。旧映画の直続編とはせずlegacy multiverse bridgeとして表示。
connection-000193,spider-man-no-way-home-2021 -> morbius-2022,spider-man-no-way-home-2021,morbius-2022,crossover,crossover,migrated_explicit_relation,work-relation-spider-man-no-way-home-2021-morbius-2022-crossover,Legacy relation retained as explicit v5 relation seed pending content audit.,『モービウス』ポストクレジットでMCUのAdrian Toomes/VultureがSony側宇宙へ移動。『ノー・ウェイ・ホーム』後の多元宇宙現象との橋として表示。
connection-000194,inhumans-2017 -> doctor-strange-in-the-multiverse-of-madness-2022,inhumans-2017,doctor-strange-in-the-multiverse-of-madness-2022,variant_meta,variant_callback,migrated_explicit_relation,work-relation-inhumans-2017-doctor-strange-in-the-multiverse-of-madness-2022-variant-callback,Legacy relation retained as explicit v5 relation seed pending content audit.,『インヒューマンズ』でBlack Boltを演じたAnson MountがEarth-838版Black Boltとして『MoM』に再登場。同一個体ではないためvariant/legacy線。
connection-000195,captain-america-civil-war-2016 -> agents-of-s-h-i-e-l-d-20132020,captain-america-civil-war-2016,agents-of-s-h-i-e-l-d-20132020,world_lore,world_lore,migrated_explicit_relation,work-relation-captain-america-civil-war-2016-agents-of-s-h-i-e-l-d-20132020-world-lore,Legacy relation retained as explicit v5 relation seed pending content audit.,Marvel公式のAoS Season 3 recapが、Sokovia Accords発効後にCoulson/TalbotがInhumansへの影響を議論したと明記。映画イベントのTV側反映。
connection-000196,she-hulk-attorney-at-law-2022 -> spider-man-brand-new-day-2026-07-31,she-hulk-attorney-at-law-2022,spider-man-brand-new-day-2026-07-31,character,character_continuity,appearance_derived_pending_audit,,Character-only legacy edge moves to appearances/portrayals; original edge metadata remains in this ledger.,ファン図が「Hulkの直近登場」としてShe-Hulkを候補化。公開後、BNDでBruce/Hulkが物語上重要な役割を持ち、She-HulkのSkaar写真もBruceの部屋に置かれていることが確認された。
connection-000197,the-punisher-one-last-kill-2026-05-12 -> spider-man-brand-new-day-2026-07-31,the-punisher-one-last-kill-2026-05-12,spider-man-brand-new-day-2026-07-31,character,character_continuity,appearance_derived_pending_audit,,Character-only legacy edge moves to appearances/portrayals; original edge metadata remains in this ledger.,ファン図がBND前の直近Punisher作品として候補化。公開後、Jon Bernthal版PunisherはBNDで単なるカメオではなく共同主役級の役割を持つことが確認された。
connection-000198,thunderbolts-new-avengers-2025 -> spider-man-brand-new-day-2026-07-31,thunderbolts-new-avengers-2025,spider-man-brand-new-day-2026-07-31,character,character_continuity,appearance_derived_pending_audit,,Character-only legacy edge moves to appearances/portrayals; original edge metadata remains in this ledger.,公開後の脚本家取材でYelena/Florence PughがBNDに登場し、制作初期から組み込まれていたことが確認された。直前の主要映画出演作Thunderbolts*からの人物線。
connection-000199,iron-man-3-2013 -> wonder-man-s1-2026,iron-man-3-2013,wonder-man-s1-2026,character,character_continuity,appearance_derived_pending_audit,,Character-only legacy edge moves to appearances/portrayals; original edge metadata remains in this ledger.,ファン視聴図でWonder Man前のIron Man 3が重要候補。Marvel公式も「Iron Man 3 villain to Wonder Man star」と明示し、Trevor Slatteryの公式MCUウォッチガイドを公開。
