work_id,title_ja,title_en,title_official,release,release_raw,format,status,priority,branch_ja,branch_en,classification,ja_status,japan_date,japan_type,source_url,source_note,notes,chronology_lane,chronology_order,chronology_track,chronology_certainty,chronology_note,release_sort_date,release_display_date,release_kind,release_certainty,release_precision,release_source_note,aliases_ja,title_audit_status,title_audit_source_url,title_last_verified,title_management_note,stable_id_note
iron-man-2008,アイアンマン,Iron Man,アイアンマン,2008年,2008,film,released,MAIN,マーベル・スタジオ映画,Marvel Studios films,Phase 1,established,,,,,,mcu-main,30,main,confirmed,Disney+「MCUコンプリート 時系列順」（2025-03-31）を基準。,2008-05-02,2008.05.02,theatrical,confirmed,day,Marvel Studios / distributor U.S. theatrical release record.,,official-list-reviewed,https://marvel.disney.co.jp/titlelist,2026-08-26,,
the-incredible-hulk-2008,インクレディブル・ハルク,The Incredible Hulk,インクレディブル・ハルク,2008年,2008,film,released,MAIN,マーベル・スタジオ映画,Marvel Studios films,Phase 1,established,,,,,,mcu-main,50,main,confirmed,Disney+「MCUコンプリート 時系列順」（2025-03-31）を基準。,2008-06-13,2008.06.13,theatrical,confirmed,day,Marvel Studios / distributor U.S. theatrical release record.,,official-list-reviewed,https://marvel.disney.co.jp/titlelist,2026-08-26,,
iron-man-2-2010,アイアンマン2,Iron Man 2,アイアンマン2,2010年,2010,film,released,MAIN,マーベル・スタジオ映画,Marvel Studios films,Phase 1,established,,,,,,mcu-main,40,main,confirmed,Disney+「MCUコンプリート 時系列順」（2025-03-31）を基準。,2010-05-07,2010.05.07,theatrical,confirmed,day,Marvel Studios / distributor U.S. theatrical release record.,,official-list-reviewed,https://marvel.disney.co.jp/titlelist,2026-08-26,,
thor-2011,マイティ・ソー,Thor,マイティ・ソー,2011年,2011,film,released,MAIN,マーベル・スタジオ映画,Marvel Studios films,Phase 1,established,,,,,,mcu-main,60,main,confirmed,Disney+「MCUコンプリート 時系列順」（2025-03-31）を基準。,2011-05-06,2011.05.06,theatrical,confirmed,day,Marvel Studios / distributor U.S. theatrical release record.,,official-list-reviewed,https://marvel.disney.co.jp/titlelist,2026-08-26,,
captain-america-the-first-avenger-2011,キャプテン・アメリカ／ザ・ファースト・アベンジャー,Captain America: The First Avenger,キャプテン・アメリカ／ザ・ファースト・アベンジャー,2011年,2011,film,released,MAIN,マーベル・スタジオ映画,Marvel Studios films,Phase 1,verified-current,,,,,,mcu-main,10,main,confirmed,Disney+「MCUコンプリート 時系列順」（2025-03-31）を基準。,2011-07-22,2011.07.22,theatrical,confirmed,day,Marvel Studios / distributor U.S. theatrical release record.,,official-list-reviewed,https://marvel.disney.co.jp/titlelist,2026-08-26,,
the-avengers-2012,アベンジャーズ,The Avengers,アベンジャーズ,2012年,2012,film,released,MAIN,マーベル・スタジオ映画,Marvel Studios films,Phase 1,established,,,,,,mcu-main,70,main,confirmed,Disney+「MCUコンプリート 時系列順」（2025-03-31）を基準。,2012-05-04,2012.05.04,theatrical,confirmed,day,Marvel Studios / distributor U.S. theatrical release record.,,official-list-reviewed,https://marvel.disney.co.jp/titlelist,2026-08-26,,
iron-man-3-2013,アイアンマン3,Iron Man 3,アイアンマン3,2013年,2013,film,released,MAIN,マーベル・スタジオ映画,Marvel Studios films,Phase 2,verified-current,,,,,,mcu-main,90,main,confirmed,Disney+「MCUコンプリート 時系列順」（2025-03-31）を基準。,2013-05-03,2013.05.03,theatrical,confirmed,day,Marvel Studios / distributor U.S. theatrical release record.,,official-list-reviewed,https://marvel.disney.co.jp/titlelist,2026-08-26,,
thor-the-dark-world-2013,マイティ・ソー／ダーク・ワールド,Thor: The Dark World,マイティ・ソー／ダーク・ワールド,2013年,2013,film,released,MAIN,マーベル・スタジオ映画,Marvel Studios films,Phase 2,verified-current,,,,,,mcu-main,80,main,confirmed,Disney+「MCUコンプリート 時系列順」（2025-03-31）を基準。,2013-11-08,2013.11.08,theatrical,confirmed,day,Marvel Studios / distributor U.S. theatrical release record.,,official-list-reviewed,https://marvel.disney.co.jp/titlelist,2026-08-26,,
captain-america-the-winter-soldier-2014,キャプテン・アメリカ／ウィンター・ソルジャー,Captain America: The Winter Soldier,キャプテン・アメリカ／ウィンター・ソルジャー,2014年,2014,film,released,MAIN,マーベル・スタジオ映画,Marvel Studios films,Phase 2,verified-current,,,,,,mcu-main,100,main,confirmed,Disney+「MCUコンプリート 時系列順」（2025-03-31）を基準。,2014-04-04,2014.04.04,theatrical,confirmed,day,Marvel Studios / distributor U.S. theatrical release record.,,official-list-reviewed,https://marvel.disney.co.jp/titlelist,2026-08-26,,
guardians-of-the-galaxy-2014,ガーディアンズ・オブ・ギャラクシー,Guardians of the Galaxy,ガーディアンズ・オブ・ギャラクシー,2014年,2014,film,released,MAIN,マーベル・スタジオ映画,Marvel Studios films,Phase 2,verified-current,,,,,,mcu-main,110,main,confirmed,Disney+「MCUコンプリート 時系列順」（2025-03-31）を基準。,2014-08-01,2014.08.01,theatrical,confirmed,day,Marvel Studios / distributor U.S. theatrical release record.,,official-list-reviewed,https://marvel.disney.co.jp/titlelist,2026-08-26,,
avengers-age-of-ultron-2015,アベンジャーズ／エイジ・オブ・ウルトロン,Avengers: Age of Ultron,アベンジャーズ／エイジ・オブ・ウルトロン,2015年,2015,film,released,MAIN,マーベル・スタジオ映画,Marvel Studios films,Phase 2,verified-current,,,,,,mcu-main,170,main,confirmed,Disney+「MCUコンプリート 時系列順」（2025-03-31）を基準。,2015-05-01,2015.05.01,theatrical,confirmed,day,Marvel Studios / distributor U.S. theatrical release record.,,official-list-reviewed,https://marvel.disney.co.jp/titlelist,2026-08-26,,
ant-man-2015,アントマン,Ant-Man,アントマン,2015年,2015,film,released,MAIN,マーベル・スタジオ映画,Marvel Studios films,Phase 2,verified-current,,,,,,mcu-main,180,main,confirmed,Disney+「MCUコンプリート 時系列順」（2025-03-31）を基準。,2015-07-17,2015.07.17,theatrical,confirmed,day,Marvel Studios / distributor U.S. theatrical release record.,,official-list-reviewed,https://marvel.disney.co.jp/titlelist,2026-08-26,,
captain-america-civil-war-2016,シビル・ウォー／キャプテン・アメリカ,Captain America: Civil War,シビル・ウォー／キャプテン・アメリカ,2016年,2016,film,released,MAIN,マーベル・スタジオ映画,Marvel Studios films,Phase 3,verified-current,,,,,,mcu-main,230,main,confirmed,Disney+「MCUコンプリート 時系列順」（2025-03-31）を基準。,2016-05-06,2016.05.06,theatrical,confirmed,day,Marvel Studios / distributor U.S. theatrical release record.,,official-list-reviewed,https://marvel.disney.co.jp/titlelist,2026-08-26,,
doctor-strange-2016,ドクター・ストレンジ,Doctor Strange,ドクター・ストレンジ,2016年,2016,film,released,MAIN,マーベル・スタジオ映画,Marvel Studios films,Phase 3,established,,,,,,mcu-main,280,main,confirmed,Disney+「MCUコンプリート 時系列順」（2025-03-31）を基準。,2016-11-04,2016.11.04,theatrical,confirmed,day,Marvel Studios / distributor U.S. theatrical release record.,,official-list-reviewed,https://marvel.disney.co.jp/titlelist,2026-08-26,,
guardians-of-the-galaxy-vol-2-2017,ガーディアンズ・オブ・ギャラクシー：リミックス,Guardians of the Galaxy Vol. 2,ガーディアンズ・オブ・ギャラクシー：リミックス,2017年,2017,film,released,MAIN,マーベル・スタジオ映画,Marvel Studios films,Phase 3,verified-current,,,,,,mcu-main,120,main,confirmed,Disney+「MCUコンプリート 時系列順」（2025-03-31）を基準。,2017-05-05,2017.05.05,theatrical,confirmed,day,Marvel Studios / distributor U.S. theatrical release record.,,official-list-reviewed,https://marvel.disney.co.jp/titlelist,2026-08-26,,
spider-man-homecoming-2017,スパイダーマン：ホームカミング,Spider-Man: Homecoming,スパイダーマン：ホームカミング,2017年,2017,film,released,MAIN,マーベル・スタジオ映画,Marvel Studios films,Phase 3,verified-current,,,,,,mcu-main,260,main,confirmed,Disney+「MCUコンプリート 時系列順」（2025-03-31）を基準。,2017-07-07,2017.07.07,theatrical,confirmed,day,Marvel Studios / distributor U.S. theatrical release record.,,official-list-reviewed,https://marvel.disney.co.jp/titlelist,2026-08-26,,
thor-ragnarok-2017,マイティ・ソー バトルロイヤル,Thor: Ragnarok,マイティ・ソー バトルロイヤル,2017年,2017,film,released,MAIN,マーベル・スタジオ映画,Marvel Studios films,Phase 3,verified-current,,,,,,mcu-main,330,main,confirmed,Disney+「MCUコンプリート 時系列順」（2025-03-31）を基準。,2017-11-03,2017.11.03,theatrical,confirmed,day,Marvel Studios / distributor U.S. theatrical release record.,,official-list-reviewed,https://marvel.disney.co.jp/titlelist,2026-08-26,,
black-panther-2018,ブラックパンサー,Black Panther,ブラックパンサー,2018年,2018,film,released,MAIN,マーベル・スタジオ映画,Marvel Studios films,Phase 3,established,,,,,,mcu-main,250,main,confirmed,Disney+「MCUコンプリート 時系列順」（2025-03-31）を基準。,2018-02-16,2018.02.16,theatrical,confirmed,day,Marvel Studios / distributor U.S. theatrical release record.,,official-list-reviewed,https://marvel.disney.co.jp/titlelist,2026-08-26,,
avengers-infinity-war-2018,アベンジャーズ／インフィニティ・ウォー,Avengers: Infinity War,アベンジャーズ／インフィニティ・ウォー,2018年,2018,film,released,MAIN,マーベル・スタジオ映画,Marvel Studios films,Phase 3,verified-current,,,,,,mcu-main,370,main,confirmed,Disney+「MCUコンプリート 時系列順」（2025-03-31）を基準。,2018-04-27,2018.04.27,theatrical,confirmed,day,Marvel Studios / distributor U.S. theatrical release record.,,official-list-reviewed,https://marvel.disney.co.jp/titlelist,2026-08-26,,
ant-man-and-the-wasp-2018,アントマン＆ワスプ,Ant-Man and the Wasp,アントマン＆ワスプ,2018年,2018,film,released,MAIN,マーベル・スタジオ映画,Marvel Studios films,Phase 3,verified-current,,,,,,mcu-main,360,main,confirmed,Disney+「MCUコンプリート 時系列順」（2025-03-31）を基準。,2018-07-06,2018.07.06,theatrical,confirmed,day,Marvel Studios / distributor U.S. theatrical release record.,,official-list-reviewed,https://marvel.disney.co.jp/titlelist,2026-08-26,,
captain-marvel-2019,キャプテン・マーベル,Captain Marvel,キャプテン・マーベル,2019年,2019,film,released,MAIN,マーベル・スタジオ映画,Marvel Studios films,Phase 3,verified-current,,,,,,mcu-main,20,main,confirmed,Disney+「MCUコンプリート 時系列順」（2025-03-31）を基準。,2019-03-08,2019.03.08,theatrical,confirmed,day,Marvel Studios / distributor U.S. theatrical release record.,,official-list-reviewed,https://marvel.disney.co.jp/titlelist,2026-08-26,,
avengers-endgame-2019,アベンジャーズ／エンドゲーム,Avengers: Endgame,アベンジャーズ／エンドゲーム,2019年,2019,film,released,MAIN,マーベル・スタジオ映画,Marvel Studios films,Phase 3,verified-current,,,,,,mcu-main,380,main,confirmed,Disney+「MCUコンプリート 時系列順」（2025-03-31）を基準。,2019-04-26,2019.04.26,theatrical,confirmed,day,Marvel Studios / distributor U.S. theatrical release record.,,official-list-reviewed,https://marvel.disney.co.jp/titlelist,2026-08-26,,
spider-man-far-from-home-2019,スパイダーマン：ファー・フロム・ホーム,Spider-Man: Far From Home,スパイダーマン：ファー・フロム・ホーム,2019年,2019,film,released,MAIN,マーベル・スタジオ映画,Marvel Studios films,Phase 3,verified-current,,,,,,mcu-main,440,main,confirmed,Disney+「MCUコンプリート 時系列順」（2025-03-31）を基準。,2019-07-02,2019.07.02,theatrical,confirmed,day,Original distributor U.S. theatrical release record.,,official-list-reviewed,https://marvel.disney.co.jp/titlelist,2026-08-26,,
black-widow-2021,ブラック・ウィドウ,Black Widow,ブラック・ウィドウ,2021年,2021,film,released,MAIN,マーベル・スタジオ映画,Marvel Studios films,Phase 4,verified-current,,,,,,mcu-main,240,main,confirmed,Disney+「MCUコンプリート 時系列順」（2025-03-31）を基準。,2021-07-09,2021.07.09,theatrical,confirmed,day,Marvel Studios / distributor U.S. theatrical release record.,,official-list-reviewed,https://marvel.disney.co.jp/titlelist,2026-08-26,,
shang-chi-and-the-legend-of-the-ten-rings-2021,シャン・チー／テン・リングスの伝説,Shang-Chi and the Legend of the Ten Rings,シャン・チー／テン・リングスの伝説,2021年,2021,film,released,MAIN,マーベル・スタジオ映画,Marvel Studios films,Phase 4,verified-current,,,,,,mcu-main,420,main,confirmed,Disney+「MCUコンプリート 時系列順」（2025-03-31）を基準。,2021-09-03,2021.09.03,theatrical,confirmed,day,Marvel Studios / distributor U.S. theatrical release record.,,official-list-reviewed,https://marvel.disney.co.jp/titlelist,2026-08-26,,
eternals-2021,エターナルズ,Eternals,エターナルズ,2021年,2021,film,released,MAIN,マーベル・スタジオ映画,Marvel Studios films,Phase 4,verified-current,,,,,,mcu-main,450,main,confirmed,Disney+「MCUコンプリート 時系列順」（2025-03-31）を基準。,2021-11-05,2021.11.05,theatrical,confirmed,day,Marvel Studios / distributor U.S. theatrical release record.,,official-list-reviewed,https://marvel.disney.co.jp/titlelist,2026-08-26,,
spider-man-no-way-home-2021,スパイダーマン：ノー・ウェイ・ホーム,Spider-Man: No Way Home,スパイダーマン：ノー・ウェイ・ホーム,2021年,2021,film,released,MAIN,マーベル・スタジオ映画,Marvel Studios films,Phase 4,verified-current,,,,,,mcu-main,445,time-crossing,confirmed,Far From Home の直接続編。マルチバース横断として通常線から区別。,2021-12-17,2021.12.17,theatrical,confirmed,day,Marvel Studios / distributor U.S. theatrical release record.,,official-list-reviewed,https://marvel.disney.co.jp/titlelist,2026-08-26,,
doctor-strange-in-the-multiverse-of-madness-2022,ドクター・ストレンジ／マルチバース・オブ・マッドネス,Doctor Strange in the Multiverse of Madness,ドクター・ストレンジ／マルチバース・オブ・マッドネス,2022年,2022,film,released,MAIN,マーベル・スタジオ映画,Marvel Studios films,Phase 4,verified-current,,,,,,mcu-main,460,main,confirmed,Disney+「MCUコンプリート 時系列順」（2025-03-31）を基準。,2022-05-06,2022.05.06,theatrical,confirmed,day,Marvel Studios / distributor U.S. theatrical release record.,,official-list-reviewed,https://marvel.disney.co.jp/titlelist,2026-08-26,,
thor-love-and-thunder-2022,ソー：ラブ＆サンダー,Thor: Love and Thunder,ソー：ラブ＆サンダー,2022年,2022,film,released,MAIN,マーベル・スタジオ映画,Marvel Studios films,Phase 4,verified-current,,,,,,mcu-main,530,main,confirmed,Disney+「MCUコンプリート 時系列順」（2025-03-31）を基準。,2022-07-08,2022.07.08,theatrical,confirmed,day,Marvel Studios / distributor U.S. theatrical release record.,,official-list-reviewed,https://marvel.disney.co.jp/titlelist,2026-08-26,,
black-panther-wakanda-forever-2022,ブラックパンサー／ワカンダ・フォーエバー,Black Panther: Wakanda Forever,ブラックパンサー／ワカンダ・フォーエバー,2022年,2022,film,released,MAIN,マーベル・スタジオ映画,Marvel Studios films,Phase 4,verified-current,,,,,,mcu-main,490,main,confirmed,Disney+「MCUコンプリート 時系列順」（2025-03-31）を基準。,2022-11-11,2022.11.11,theatrical,confirmed,day,Marvel Studios / distributor U.S. theatrical release record.,,official-list-reviewed,https://marvel.disney.co.jp/titlelist,2026-08-26,,
ant-man-and-the-wasp-quantumania-2023,アントマン＆ワスプ：クアントマニア,Ant-Man and the Wasp: Quantumania,アントマン＆ワスプ：クアントマニア,2023年,2023,film,released,MAIN,マーベル・スタジオ映画,Marvel Studios films,Phase 5,verified-current,,,,,,mcu-main,560,main,confirmed,Disney+「MCUコンプリート 時系列順」（2025-03-31）を基準。,2023-02-17,2023.02.17,theatrical,confirmed,day,Marvel Studios / distributor U.S. theatrical release record.,,official-list-reviewed,https://marvel.disney.co.jp/titlelist,2026-08-26,,
guardians-of-the-galaxy-vol-3-2023,ガーディアンズ・オブ・ギャラクシー：VOLUME 3,Guardians of the Galaxy Vol. 3,ガーディアンズ・オブ・ギャラクシー：VOLUME 3,2023年,2023,film,released,MAIN,マーベル・スタジオ映画,Marvel Studios films,Phase 5,verified-current,,,,,,mcu-main,570,main,confirmed,Disney+「MCUコンプリート 時系列順」（2025-03-31）を基準。,2023-05-05,2023.05.05,theatrical,confirmed,day,Marvel Studios / distributor U.S. theatrical release record.,,official-list-reviewed,https://marvel.disney.co.jp/titlelist,2026-08-26,,
the-marvels-2023,マーベルズ,The Marvels,マーベルズ,2023年,2023,film,released,MAIN,マーベル・スタジオ映画,Marvel Studios films,Phase 5,verified-current,,,,,,mcu-main,590,main,confirmed,Disney+「MCUコンプリート 時系列順」（2025-03-31）を基準。,2023-11-10,2023.11.10,theatrical,confirmed,day,Marvel Studios / distributor U.S. theatrical release record.,,official-list-reviewed,https://marvel.disney.co.jp/titlelist,2026-08-26,,
deadpool-wolverine-2024,デッドプール＆ウルヴァリン,Deadpool & Wolverine,デッドプール＆ウルヴァリン,2024年,2024,film,released,MAIN,マーベル・スタジオ映画,Marvel Studios films,Phase 5,verified-current,,,,,,mcu-main,620,time-crossing,confirmed,Disney+「MCUコンプリート 時系列順」（2025-03-31）を基準。,2024-07-26,2024.07.26,theatrical,confirmed,day,Marvel Studios / distributor U.S. theatrical release record.,,official-list-reviewed,https://marvel.disney.co.jp/titlelist,2026-08-26,,
captain-america-brave-new-world-2025,キャプテン・アメリカ：ブレイブ・ニュー・ワールド,Captain America: Brave New World,キャプテン・アメリカ：ブレイブ・ニュー・ワールド,2025年,2025,film,released,MAIN,マーベル・スタジオ映画,Marvel Studios films,Phase 5,verified-current,,,,,,mcu-main,9000,unplaced,partial,収録済みだが、このStage Cでは相対位置を断定しない。,2025-02-14,2025.02.14,theatrical,confirmed,day,Marvel Studios / distributor U.S. theatrical release record.,,official-list-reviewed,https://marvel.disney.co.jp/titlelist,2026-08-26,,
thunderbolts-new-avengers-2025,サンダーボルツ*,Thunderbolts*,サンダーボルツ*,2025年,2025,film,released,MAIN,マーベル・スタジオ映画,Marvel Studios films,Phase 5,verified-current,,,https://marvel.disney.co.jp/movie/thunderbolts,日本公式の作品タイトルは「サンダーボルツ*」。ニュー・アベンジャーズは作中で誕生するチーム名として別管理。,,mcu-main,9010,unplaced,partial,収録済みだが、このStage Cでは相対位置を断定しない。,2025-05-02,2025.05.02,theatrical,confirmed,day,Marvel Studios / distributor U.S. theatrical release record.,ニュー・アベンジャーズ; サンダーボルツ*（*ニュー・アベンジャーズ）,official-current,https://marvel.disney.co.jp/movie/thunderbolts,2026-08-26,作品タイトルとチーム名を分離。,
the-fantastic-four-first-steps-2025,ファンタスティック４：ファースト・ステップ,The Fantastic Four: First Steps,ファンタスティック４：ファースト・ステップ,2025年,2025,film,released,MAIN,マーベル・スタジオ映画,Marvel Studios films,Phase 6,verified-current,2025年7月25日,日本劇場公開（日米同時）,https://marvel.disney.co.jp/movie/fantastic4/news/20250722_02,マーベル公式（日本）で劇場公開日を確認,,mcu-main,8500,multiverse,confirmed,Marvel公式が別宇宙・1960年代風世界として説明。,2025-07-25,2025.07.25,theatrical,confirmed,day,Marvel Studios / distributor U.S. theatrical release record.,,official-list-reviewed,https://marvel.disney.co.jp/titlelist,2026-08-26,,
spider-man-brand-new-day-2026-07-31,スパイダーマン：ブランド・ニュー・デイ,Spider-Man: Brand New Day,スパイダーマン：ブランド・ニュー・デイ,2026年7月31日,2026-07-31,film,released,MAIN,マーベル・スタジオ映画,Marvel Studios films,Phase 6,verified-current,2026年7月31日,日本劇場公開（日米同時）,https://www.sonypictures.jp/corp/press/2026-07-03,Sony Pictures Japan公式で邦題・7月31日公開・No Way Homeから4年後の新章を確認。,,mcu-main,9900,unplaced,unknown,公開日は別管理。作品内時系列は未確定として保留。,2026-07-31,2026.07.31,theatrical,confirmed,day,Marvel Studios current theatrical release calendar; U.S. opening date.,,official-current,https://www.sonypictures.jp/corp/press/2026-07-03,2026-08-26,邦題・公開日・No Way Homeから4年後の新章をSony公式で確認。,
avengers-doomsday-2026-12-18,アベンジャーズ／ドゥームズデイ,Avengers: Doomsday,アベンジャーズ／ドゥームズデイ,2026年12月18日,2026-12-18,film,announced/upcoming,MAIN,マーベル・スタジオ映画,Marvel Studios films,Phase 6,verified-current,2026年12月18日,日本劇場公開（日米同時予定）,https://marvel.disney.co.jp/movie/avengers-doomsday,マーベル公式（日本）で劇場公開日・邦題を確認,,mcu-main,9910,unplaced,unknown,公開日は別管理。作品内時系列は未確定として保留。,2026-12-18,2026.12.18,theatrical,confirmed,day,Marvel Studios current theatrical release calendar; U.S. opening date.,,official-list-reviewed,https://marvel.disney.co.jp/titlelist,2026-08-26,,
avengers-secret-wars-2027-12-17,Avengers: Secret Wars （邦題未発表）,Avengers: Secret Wars,Avengers: Secret Wars（邦題未発表）,2027年12月17日,2027-12-17,film,announced/upcoming,MAIN,マーベル・スタジオ映画,Marvel Studios films,Phase 6,unannounced,,,,,,mcu-main,9920,unplaced,unknown,公開日は別管理。作品内時系列は未確定として保留。,2027-12-17,2027.12.17,theatrical,confirmed,day,Marvel Studios current theatrical release calendar; U.S. opening date.,,official-en-current,https://www.marvel.com/movies/,2026-08-26,邦題未発表のため英題＋注記を維持。,
blade-mcu-tba-tba,Blade（MCU／邦題未発表）,"Blade (MCU, TBA)",Blade（MCU／邦題未発表）,未定,TBA,film,announced; undated on current Marvel movie page,SUPPLEMENT,マーベル・スタジオ映画,Marvel Studios films,phase/date unconfirmed,unannounced,,,,,Do not force into Phase 6 until Marvel explicitly fixes its phase/date.,mcu-main,9080,unplaced,partial,収録済みだが、このStage Cでは相対位置を断定しない。,,公開日未定,undated,undated,none,Disney removed the film from its dated release calendar; no replacement date is currently assigned. Existing graph node retained without inventing a date.,,official-list-reviewed,https://marvel.disney.co.jp/titlelist,2026-08-26,,
wandavision-2021,ワンダヴィジョン,WandaVision,ワンダヴィジョン,2021年,2021,live-action series,released,MAIN,Disney+／マーベル・テレビジョン／マーベル・アニメーション,Disney+ / Marvel Television / Marvel Animation,release-year 2021,verified-current,,,,,,mcu-main,410,main,confirmed,Disney+「MCUコンプリート 時系列順」（2025-03-31）を基準。,2021-01-15,2021.01.15,streaming,confirmed,day,Marvel/Disney+ official series or special premiere record.,,official-list-reviewed,https://www.marvel.com/tv-shows/,2026-08-26,,
the-falcon-and-the-winter-soldier-2021,ファルコン＆ウィンター・ソルジャー,The Falcon and the Winter Soldier,ファルコン＆ウィンター・ソルジャー,2021年,2021,live-action series,released,MAIN,Disney+／マーベル・テレビジョン／マーベル・アニメーション,Disney+ / Marvel Television / Marvel Animation,release-year 2021,verified-current,,,,,,mcu-main,430,main,confirmed,Disney+「MCUコンプリート 時系列順」（2025-03-31）を基準。,2021-03-19,2021.03.19,streaming,confirmed,day,Marvel/Disney+ official series or special premiere record.,,official-list-reviewed,https://www.marvel.com/tv-shows/,2026-08-26,,
loki-s1-2021,ロキ シーズン1,Loki S1,ロキ シーズン1,2021年,2021,live-action series,released,MAIN,Disney+／マーベル・テレビジョン／マーベル・アニメーション,Disney+ / Marvel Television / Marvel Animation,release-year 2021,verified-current,,,,,,mcu-main,390,time-crossing,confirmed,Disney+「MCUコンプリート 時系列順」（2025-03-31）を基準。,2021-06-09,2021.06.09,streaming,confirmed,day,Marvel/Disney+ official series or special premiere record.,,official-list-reviewed,https://www.marvel.com/tv-shows/,2026-08-26,,
what-if-s1-2021,ホワット・イフ…？ シーズン1,What If...? S1,ホワット・イフ…？ シーズン1,2021年,2021,animation / multiverse,released,MAIN,Disney+／マーベル・テレビジョン／マーベル・アニメーション,Disney+ / Marvel Television / Marvel Animation,release-year 2021,verified-current,,,,,,mcu-main,400,multiverse,confirmed,Disney+「MCUコンプリート 時系列順」（2025-03-31）を基準。,2021-08-11,2021.08.11,streaming,confirmed,day,Marvel/Disney+ official series or special premiere record.,,official-list-reviewed,https://www.marvel.com/tv-shows/,2026-08-26,,
hawkeye-2021,ホークアイ,Hawkeye,ホークアイ,2021年,2021,live-action series,released,MAIN,Disney+／マーベル・テレビジョン／マーベル・アニメーション,Disney+ / Marvel Television / Marvel Animation,release-year 2021,verified-current,,,,,,mcu-main,470,main,confirmed,Disney+「MCUコンプリート 時系列順」（2025-03-31）を基準。,2021-11-24,2021.11.24,streaming,confirmed,day,Marvel/Disney+ official series or special premiere record.,,official-list-reviewed,https://www.marvel.com/tv-shows/,2026-08-26,,
moon-knight-2022,ムーンナイト,Moon Knight,ムーンナイト,2022年,2022,live-action series,released,MAIN,Disney+／マーベル・テレビジョン／マーベル・アニメーション,Disney+ / Marvel Television / Marvel Animation,release-year 2022,verified-current,,,,,,mcu-main,480,main,confirmed,Disney+「MCUコンプリート 時系列順」（2025-03-31）を基準。,2022-03-30,2022.03.30,streaming,confirmed,day,Marvel/Disney+ official series or special premiere record.,,official-list-reviewed,https://www.marvel.com/tv-shows/,2026-08-26,,
ms-marvel-2022,ミズ・マーベル,Ms. Marvel,ミズ・マーベル,2022年,2022,live-action series,released,MAIN,Disney+／マーベル・テレビジョン／マーベル・アニメーション,Disney+ / Marvel Television / Marvel Animation,release-year 2022,verified-current,,,,,,mcu-main,520,main,confirmed,Disney+「MCUコンプリート 時系列順」（2025-03-31）を基準。,2022-06-08,2022.06.08,streaming,confirmed,day,Marvel/Disney+ official series or special premiere record.,,official-list-reviewed,https://www.marvel.com/tv-shows/,2026-08-26,,
i-am-groot-s1-2022,アイ・アム・グルート S1,I Am Groot S1,アイ・アム・グルート シーズン1,2022年,2022,animated shorts,released,SUPPLEMENT,Disney+／マーベル・テレビジョン／マーベル・アニメーション,Disney+ / Marvel Television / Marvel Animation,release-year 2022,verified-current,,,,,,mcu-main,130,main,confirmed,Disney+「MCUコンプリート 時系列順」（2025-03-31）を基準。,2022-08-10,2022.08.10,streaming,confirmed,day,Marvel/Disney+ official series or special premiere record.,,official-list-reviewed,https://www.marvel.com/tv-shows/,2026-08-26,,
she-hulk-attorney-at-law-2022,シー・ハルク：ザ・アトーニー,She-Hulk: Attorney at Law,シー・ハルク：ザ・アトーニー,2022年,2022,live-action series,released,MAIN,Disney+／マーベル・テレビジョン／マーベル・アニメーション,Disney+ / Marvel Television / Marvel Animation,release-year 2022,verified-current,,,,,,mcu-main,510,main,confirmed,Disney+「MCUコンプリート 時系列順」（2025-03-31）を基準。,2022-08-18,2022.08.18,streaming,confirmed,day,Marvel/Disney+ official series or special premiere record.,,official-list-reviewed,https://www.marvel.com/tv-shows/,2026-08-26,,
werewolf-by-night-2022,ウェアウルフ・バイ・ナイト,Werewolf by Night,ウェアウルフ・バイ・ナイト,2022年,2022,Special Presentation,released,MAIN,Disney+／マーベル・テレビジョン／マーベル・アニメーション,Disney+ / Marvel Television / Marvel Animation,release-year 2022,verified-current,,,,,,mcu-main,540,main,confirmed,Disney+「MCUコンプリート 時系列順」（2025-03-31）を基準。,2022-10-07,2022.10.07,special,confirmed,day,Marvel/Disney+ official series or special premiere record.,,official-list-reviewed,https://www.marvel.com/tv-shows/,2026-08-26,,
the-guardians-of-the-galaxy-holiday-special-2022,ガーディアンズ・オブ・ギャラクシー ホリデー・スペシャル,The Guardians of the Galaxy Holiday Special,ガーディアンズ・オブ・ギャラクシー ホリデー・スペシャル,2022年,2022,Special Presentation,released,MAIN,Disney+／マーベル・テレビジョン／マーベル・アニメーション,Disney+ / Marvel Television / Marvel Animation,release-year 2022,established,,,,,,mcu-main,550,main,confirmed,Disney+「MCUコンプリート 時系列順」（2025-03-31）を基準。,2022-11-25,2022.11.25,special,confirmed,day,Marvel/Disney+ official series or special premiere record.,,official-list-reviewed,https://www.marvel.com/tv-shows/,2026-08-26,,
secret-invasion-2023,シークレット・インベージョン,Secret Invasion,シークレット・インベージョン,2023年,2023,live-action series,released,MAIN,Disney+／マーベル・テレビジョン／マーベル・アニメーション,Disney+ / Marvel Television / Marvel Animation,release-year 2023,verified-current,,,,,,mcu-main,580,main,confirmed,Disney+「MCUコンプリート 時系列順」（2025-03-31）を基準。,2023-06-21,2023.06.21,streaming,confirmed,day,Marvel/Disney+ official series or special premiere record.,,official-list-reviewed,https://www.marvel.com/tv-shows/,2026-08-26,,
i-am-groot-s2-2023,アイ・アム・グルート S2,I Am Groot S2,アイ・アム・グルート シーズン2,2023年,2023,animated shorts,released,SUPPLEMENT,Disney+／マーベル・テレビジョン／マーベル・アニメーション,Disney+ / Marvel Television / Marvel Animation,release-year 2023,verified-current,,,,,,mcu-main,140,main,confirmed,Disney+「MCUコンプリート 時系列順」（2025-03-31）を基準。,2023-09-06,2023.09.06,streaming,confirmed,day,Marvel/Disney+ official series or special premiere record.,,official-list-reviewed,https://www.marvel.com/tv-shows/,2026-08-26,,
loki-s2-2023,ロキ シーズン2,Loki S2,ロキ シーズン2,2023年,2023,live-action series,released,MAIN,Disney+／マーベル・テレビジョン／マーベル・アニメーション,Disney+ / Marvel Television / Marvel Animation,release-year 2023,verified-current,,,,,,mcu-main,600,time-crossing,confirmed,Disney+「MCUコンプリート 時系列順」（2025-03-31）を基準。,2023-10-05,2023.10.05,streaming,confirmed,day,Marvel/Disney+ official series or special premiere record.,,official-list-reviewed,https://www.marvel.com/tv-shows/,2026-08-26,,
what-if-s2-2023,ホワット・イフ…？ シーズン2,What If...? S2,ホワット・イフ…？ シーズン2,2023年,2023,animation / multiverse,released,MAIN,Disney+／マーベル・テレビジョン／マーベル・アニメーション,Disney+ / Marvel Television / Marvel Animation,release-year 2023,verified-current,,,,,,mcu-main,610,multiverse,confirmed,Disney+「MCUコンプリート 時系列順」（2025-03-31）を基準。,2023-12-22,2023.12.22,streaming,confirmed,day,Marvel/Disney+ official series or special premiere record.,,official-list-reviewed,https://www.marvel.com/tv-shows/,2026-08-26,,
echo-2024,エコー,Echo,エコー,2024年,2024,live-action series,released,MAIN,Disney+／マーベル・テレビジョン／マーベル・アニメーション,Disney+ / Marvel Television / Marvel Animation,release-year 2024,verified-current,,,,,,mcu-main,500,main,confirmed,Disney+「MCUコンプリート 時系列順」（2025-03-31）を基準。,2024-01-09,2024.01.09,streaming,confirmed,day,Marvel/Disney+ official series or special premiere record.,,official-list-reviewed,https://www.marvel.com/tv-shows/,2026-08-26,,
x-men-97-s1-2024,X-MEN '97 S1,X-Men '97 S1,X-MEN '97 シーズン1,2024年,2024,animation / legacy continuation,released,SUPPLEMENT,Disney+／マーベル・テレビジョン／マーベル・アニメーション,Disney+ / Marvel Television / Marvel Animation,release-year 2024,established,,,https://www.disneyplus.com/ja-jp/,日本公式サービス上で作品・シリーズ表記を確認するための参照先,,,,,,,2024-03-20,2024.03.20,streaming,confirmed,day,Marvel/Disney+ official series or special premiere record.,,official-list-reviewed,https://www.marvel.com/tv-shows/,2026-08-26,,
agatha-all-along-2024,アガサ・オール・アロング,Agatha All Along,アガサ・オール・アロング,2024年,2024,live-action series,released,MAIN,Disney+／マーベル・テレビジョン／マーベル・アニメーション,Disney+ / Marvel Television / Marvel Animation,release-year 2024,verified-current,,,https://www.disneyplus.com/ja-jp/,日本公式サービス上で作品・シリーズ表記を確認するための参照先,,mcu-main,630,main,confirmed,Disney+「MCUコンプリート 時系列順」（2025-03-31）を基準。,2024-09-18,2024.09.18,streaming,confirmed,day,Marvel/Disney+ official series or special premiere record.,,official-list-reviewed,https://www.marvel.com/tv-shows/,2026-08-26,,
what-if-s3-2024,ホワット・イフ…？ シーズン3,What If...? S3,ホワット・イフ…？ シーズン3,2024年,2024,animation / multiverse,released,MAIN,Disney+／マーベル・テレビジョン／マーベル・アニメーション,Disney+ / Marvel Television / Marvel Animation,release-year 2024,verified-current,,,,,,mcu-main,640,multiverse,confirmed,Disney+「MCUコンプリート 時系列順」（2025-03-31）を基準。,2024-12-22,2024.12.22,streaming,confirmed,day,Marvel/Disney+ official series or special premiere record.,,official-list-reviewed,https://www.marvel.com/tv-shows/,2026-08-26,,
your-friendly-neighborhood-spider-man-s1-2025,スパイダーマン：フレンドリー・ネイバーフッド S1,Your Friendly Neighborhood Spider-Man S1,スパイダーマン：フレンドリー・ネイバーフッド シーズン1,2025年,2025,animation / alternate continuity,released,SUPPLEMENT,Disney+／マーベル・テレビジョン／マーベル・アニメーション,Disney+ / Marvel Television / Marvel Animation,release-year 2025,verified-current,,,https://www.disneyplus.com/ja-jp/,日本公式サービス上で作品・シリーズ表記を確認するための参照先,,,,,,,2025-01-29,2025.01.29,streaming,confirmed,day,Marvel/Disney+ official series or special premiere record.,,official-list-reviewed,https://www.marvel.com/tv-shows/,2026-08-26,,
daredevil-born-again-s1-2025,デアデビル：ボーン・アゲイン S1,Daredevil: Born Again S1,デアデビル：ボーン・アゲイン シーズン1,2025年,2025,live-action series,released,MAIN,Disney+／マーベル・テレビジョン／マーベル・アニメーション,Disney+ / Marvel Television / Marvel Animation,release-year 2025,verified-current,,,https://www.disneyplus.com/ja-jp/,日本公式サービス上で作品・シリーズ表記を確認するための参照先,,mcu-main,650,main,confirmed,Disney+「MCUコンプリート 時系列順」（2025-03-31）を基準。,2025-03-04,2025.03.04,streaming,confirmed,day,Marvel/Disney+ official series or special premiere record.,,official-list-reviewed,https://www.marvel.com/tv-shows/,2026-08-26,,
ironheart-2025,アイアンハート,Ironheart,アイアンハート,2025年,2025,live-action series,released,MAIN,Disney+／マーベル・テレビジョン／マーベル・アニメーション,Disney+ / Marvel Television / Marvel Animation,release-year 2025,verified-current,,,https://www.disneyplus.com/ja-jp/,日本公式サービス上で作品・シリーズ表記を確認するための参照先,,mcu-main,9020,unplaced,partial,収録済みだが、このStage Cでは相対位置を断定しない。,2025-06-24,2025.06.24,streaming,confirmed,day,Marvel/Disney+ official series or special premiere record.,,official-list-reviewed,https://www.marvel.com/tv-shows/,2026-08-26,,
eyes-of-wakanda-2025,アイズ・オブ・ワカンダ,Eyes of Wakanda,アイズ・オブ・ワカンダ,2025年,2025,Marvel Animation / MCU history,released,SUPPLEMENT,Disney+／マーベル・テレビジョン／マーベル・アニメーション,Disney+ / Marvel Television / Marvel Animation,release-year 2025,verified-current,,,https://www.disneyplus.com/ja-jp/,日本公式サービス上で作品・シリーズ表記を確認するための参照先,,,,,,,2025-08-01,2025.08.01,streaming,confirmed,day,Marvel/Disney+ official series or special premiere record.,,official-list-reviewed,https://www.marvel.com/tv-shows/,2026-08-26,,
marvel-zombies-s1-2025,マーベル・ゾンビーズ S1,Marvel Zombies S1,マーベル・ゾンビーズ シーズン1,2025年,2025,animation / What If...? spin-off,released,MAIN,Disney+／マーベル・テレビジョン／マーベル・アニメーション,Disney+ / Marvel Television / Marvel Animation,release-year 2025,established,,,,,,,,,,,2025-09-24,2025.09.24,streaming,confirmed,day,Marvel/Disney+ official series or special premiere record.,,official-list-reviewed,https://www.marvel.com/tv-shows/,2026-08-26,,
wonder-man-s1-2026,ワンダーマン S1,Wonder Man S1,ワンダーマン シーズン1,2026年1月28日,2026-01-28,live-action series,released,MAIN,Disney+／マーベル・テレビジョン／マーベル・アニメーション,Disney+ / Marvel Television / Marvel Animation,release-year 2026,verified-current,2026年1月28日,日本Disney+公式配信日,https://marvel.disney.co.jp/news/20260115_01,マーベル日本公式が2026年1月28日よりDisney+独占配信と案内。,,mcu-main,9030,unplaced,partial,収録済みだが、このStage Cでは相対位置を断定しない。,2026-01-27,2026.01.27,streaming,confirmed,day,Marvel/Disney official 2026 premiere information.,,official-list-reviewed,https://www.marvel.com/tv-shows/,2026-08-26,,
daredevil-born-again-s2-2026,デアデビル：ボーン・アゲイン S2,Daredevil: Born Again S2,デアデビル：ボーン・アゲイン シーズン2,2026年3月25日,2026-03-25,live-action series,released,MAIN,Disney+／マーベル・テレビジョン／マーベル・アニメーション,Disney+ / Marvel Television / Marvel Animation,release-year 2026,verified-current,2026年3月25日,日本Disney+独占配信開始,https://www.disneyplus.com/ja-jp/explore/articles/daredevil-born-again-season-2,Disney+日本公式が2026年3月25日10時よりシーズン2（全8話）独占配信と案内。,,mcu-main,9040,unplaced,partial,収録済みだが、このStage Cでは相対位置を断定しない。,2026-03-24,2026.03.24,streaming,confirmed,day,Marvel/Disney official 2026 premiere information.,,official-list-reviewed,https://www.marvel.com/tv-shows/,2026-08-26,,
the-punisher-one-last-kill-2026-05-12,パニッシャー：ワン・ラスト・キル,The Punisher: One Last Kill,パニッシャー：ワン・ラスト・キル,2026年5月12日,2026-05-12,Special Presentation,released,MAIN,Disney+／マーベル・テレビジョン／マーベル・アニメーション,Disney+ / Marvel Television / Marvel Animation,release-year 2026,verified-current,2026年5月12日,配信作品（Marvel公式の世界リリース日）,https://www.disneyplus.com/ja-jp/browse/entity-c5b69f75-f159-4749-873d-9a1d1a4eb878,Disney+日本で配信中を確認。日付はMarvel公式TV一覧のリリース日,,mcu-main,9050,unplaced,partial,収録済みだが、このStage Cでは相対位置を断定しない。,2026-05-12,2026.05.12,streaming,confirmed,day,Marvel/Disney official 2026 premiere information.,Marvel Television Special Presentation,official-current,https://marvel.disney.co.jp/titlelist,2026-08-26,Special Presentationはformat/aliasで管理。,
x-men-97-s2-2026-07-01,X-MEN '97 S2,X-Men '97 S2,X-MEN '97 シーズン2,2026年7月1日,2026-07-01,animation / legacy continuation,released,SUPPLEMENT,Disney+／マーベル・テレビジョン／マーベル・アニメーション,Disney+ / Marvel Television / Marvel Animation,release-year 2026,verified-current,2026年7月1日,日本Disney+独占配信開始,https://www.disneyplus.com/ja-jp/explore/articles/x-men-97-season-2,Disney+日本公式が2026年7月1日よりシーズン2（全10話）独占配信と案内。,,,,,,,2026-07-01,2026.07.01,streaming,confirmed,day,Marvel/Disney official 2026 premiere information.,,official-list-reviewed,https://www.marvel.com/tv-shows/,2026-08-26,,
your-friendly-neighborhood-spider-man-s2-2026,スパイダーマン：フレンドリー・ネイバーフッド S2,Your Friendly Neighborhood Spider-Man S2,スパイダーマン：フレンドリー・ネイバーフッド シーズン2,2026年,2026,animation / alternate continuity,announced for 2026; exact release date not fixed in source used,SUPPLEMENT,Disney+／マーベル・テレビジョン／マーベル・アニメーション,Disney+ / Marvel Television / Marvel Animation,release-year 2026,verified-current,,,,,,,,,,,2027-01,2027.01（月内日付未発表）,streaming,confirmed-month,month,Disney D23 2026 announcement reported by Entertainment Weekly: January 2027; exact day not announced. Existing graph ID retained for compatibility.,,official-list-reviewed,https://www.marvel.com/tv-shows/,2026-08-26,,
visionquest-2026-10-14,VisionQuest （邦題未発表）,VisionQuest,VisionQuest（邦題未発表）,2026年10月14日,2026-10-14,live-action series,announced/upcoming,MAIN,Disney+／マーベル・テレビジョン／マーベル・アニメーション,Disney+ / Marvel Television / Marvel Animation,release-year 2026,unannounced,,,https://www.marvel.com/articles/tv-shows/marvel-television-visionquest-release-date,Marvel公式が2026年10月14日配信開始と発表。日本での邦題・配信開始日は未確認。,,mcu-main,9060,unplaced,partial,収録済みだが、このStage Cでは相対位置を断定しない。,2026-10-14,2026.10.14,streaming,confirmed,day,Marvel/Disney official 2026 premiere information.,,official-en-current,https://www.marvel.com/tv-shows/,2026-08-26,邦題未発表のため英題＋注記を維持。,
daredevil-born-again-s3-tba,デアデビル：ボーン・アゲイン S3,Daredevil: Born Again S3,デアデビル：ボーン・アゲイン シーズン3,未定,TBA,live-action series,announced/listed by Marvel,SUPPLEMENT,Disney+／マーベル・テレビジョン,Disney+ / Marvel Television,future; date not fixed,established,,,,,,mcu-main,9070,unplaced,partial,収録済みだが、このStage Cでは相対位置を断定しない。,2027-03,2027.03（月内日付未発表）,streaming,confirmed-month,month,Marvel official listing confirms Season 3; current Entertainment Weekly release reporting places it in March 2027; exact day not announced.,,legacy-retained,,,,
wonder-man-s2-tba,ワンダーマン S2,Wonder Man S2,ワンダーマン シーズン2,未定,TBA,live-action series,announced/listed by Marvel,SUPPLEMENT,Disney+／マーベル・テレビジョン,Disney+ / Marvel Television,future; date not fixed,established,,,,,,,,,,,,公開予定なし（中止報道）,undated,undated,none,"Variety reported July 31, 2026 that Disney+ would not proceed with Season 2 after an earlier renewal. Existing graph node retained; no release date is invented.",,legacy-retained,,,,
daredevil-s1-2015,デアデビル S1,Daredevil S1,デアデビル シーズン1,2015年,2015,series season,released,LEGACY-MAIN,ディフェンダーズ・サーガ,Defenders Saga,legacy Marvel Television / Netflix,verified-current,,,,,"Characters/continuity are directly continued into MCU-era appearances; chart as a legacy branch, not as a Phase.",mcu-main,150,main,confirmed,Disney+「MCUコンプリート 時系列順」（2025-03-31）を基準。,2015-04-10,2015.04.10,streaming,confirmed,day,Original Netflix global season premiere record.,,legacy-retained,,,,
jessica-jones-s1-2015,ジェシカ・ジョーンズ S1,Jessica Jones S1,ジェシカ・ジョーンズ シーズン1,2015年,2015,series season,released,LEGACY-MAIN,ディフェンダーズ・サーガ,Defenders Saga,legacy Marvel Television / Netflix,verified-current,,,,,"Characters/continuity are directly continued into MCU-era appearances; chart as a legacy branch, not as a Phase.",mcu-main,160,main,confirmed,Disney+「MCUコンプリート 時系列順」（2025-03-31）を基準。,2015-11-20,2015.11.20,streaming,confirmed,day,Original Netflix global season premiere record.,,legacy-retained,,,,
daredevil-s2-2016,デアデビル S2,Daredevil S2,デアデビル シーズン2,2016年,2016,series season,released,LEGACY-MAIN,ディフェンダーズ・サーガ,Defenders Saga,legacy Marvel Television / Netflix,established,,,,,"Characters/continuity are directly continued into MCU-era appearances; chart as a legacy branch, not as a Phase.",mcu-main,190,main,confirmed,Disney+「MCUコンプリート 時系列順」（2025-03-31）を基準。,2016-03-18,2016.03.18,streaming,confirmed,day,Original Netflix global season premiere record.,,legacy-retained,,,,
luke-cage-s1-2016,ルーク・ケイジ S1,Luke Cage S1,ルーク・ケイジ シーズン1,2016年,2016,series season,released,LEGACY-MAIN,ディフェンダーズ・サーガ,Defenders Saga,legacy Marvel Television / Netflix,established,,,,,"Characters/continuity are directly continued into MCU-era appearances; chart as a legacy branch, not as a Phase.",mcu-main,200,main,confirmed,Disney+「MCUコンプリート 時系列順」（2025-03-31）を基準。,2016-09-30,2016.09.30,streaming,confirmed,day,Original Netflix global season premiere record.,,legacy-retained,,,,
iron-fist-s1-2017,アイアン・フィスト S1,Iron Fist S1,アイアン・フィスト シーズン1,2017年,2017,series season,released,LEGACY-MAIN,ディフェンダーズ・サーガ,Defenders Saga,legacy Marvel Television / Netflix,verified-current,,,,,"Characters/continuity are directly continued into MCU-era appearances; chart as a legacy branch, not as a Phase.",mcu-main,210,main,confirmed,Disney+「MCUコンプリート 時系列順」（2025-03-31）を基準。,2017-03-17,2017.03.17,streaming,confirmed,day,Original Netflix global season premiere record.,,legacy-retained,,,,
the-defenders-2017,マーベル／ザ・ディフェンダーズ,The Defenders,マーベル／ザ・ディフェンダーズ,2017年,2017,series season,released,LEGACY-MAIN,ディフェンダーズ・サーガ,Defenders Saga,legacy Marvel Television / Netflix,verified-current,,,,,"Characters/continuity are directly continued into MCU-era appearances; chart as a legacy branch, not as a Phase.",mcu-main,220,main,confirmed,Disney+「MCUコンプリート 時系列順」（2025-03-31）を基準。,2017-08-18,2017.08.18,streaming,confirmed,day,Original Netflix global season premiere record.,,legacy-retained,,,,
the-punisher-s1-2017,パニッシャー S1,The Punisher S1,パニッシャー シーズン1,2017年,2017,series season,released,LEGACY-MAIN,ディフェンダーズ・サーガ,Defenders Saga,legacy Marvel Television / Netflix,established,,,,,"Characters/continuity are directly continued into MCU-era appearances; chart as a legacy branch, not as a Phase.",mcu-main,270,main,confirmed,Disney+「MCUコンプリート 時系列順」（2025-03-31）を基準。,2017-11-17,2017.11.17,streaming,confirmed,day,Original Netflix global season premiere record.,,legacy-retained,,,,
jessica-jones-s2-2018,ジェシカ・ジョーンズ S2,Jessica Jones S2,ジェシカ・ジョーンズ シーズン2,2018年,2018,series season,released,LEGACY-MAIN,ディフェンダーズ・サーガ,Defenders Saga,legacy Marvel Television / Netflix,established,,,,,"Characters/continuity are directly continued into MCU-era appearances; chart as a legacy branch, not as a Phase.",mcu-main,290,main,confirmed,Disney+「MCUコンプリート 時系列順」（2025-03-31）を基準。,2018-03-08,2018.03.08,streaming,confirmed,day,Original Netflix global season premiere record.,,legacy-retained,,,,
luke-cage-s2-2018,ルーク・ケイジ S2,Luke Cage S2,ルーク・ケイジ シーズン2,2018年,2018,series season,released,LEGACY-MAIN,ディフェンダーズ・サーガ,Defenders Saga,legacy Marvel Television / Netflix,established,,,,,"Characters/continuity are directly continued into MCU-era appearances; chart as a legacy branch, not as a Phase.",mcu-main,300,main,confirmed,Disney+「MCUコンプリート 時系列順」（2025-03-31）を基準。,2018-06-22,2018.06.22,streaming,confirmed,day,Original Netflix global season premiere record.,,legacy-retained,,,,
iron-fist-s2-2018,アイアン・フィスト S2,Iron Fist S2,アイアン・フィスト シーズン2,2018年,2018,series season,released,LEGACY-MAIN,ディフェンダーズ・サーガ,Defenders Saga,legacy Marvel Television / Netflix,verified-current,,,,,"Characters/continuity are directly continued into MCU-era appearances; chart as a legacy branch, not as a Phase.",mcu-main,310,main,confirmed,Disney+「MCUコンプリート 時系列順」（2025-03-31）を基準。,2018-09-07,2018.09.07,streaming,confirmed,day,Original Netflix global season premiere record.,,legacy-retained,,,,
daredevil-s3-2018,デアデビル S3,Daredevil S3,デアデビル シーズン3,2018年,2018,series season,released,LEGACY-MAIN,ディフェンダーズ・サーガ,Defenders Saga,legacy Marvel Television / Netflix,verified-current,,,,,"Characters/continuity are directly continued into MCU-era appearances; chart as a legacy branch, not as a Phase.",mcu-main,320,main,confirmed,Disney+「MCUコンプリート 時系列順」（2025-03-31）を基準。,2018-10-19,2018.10.19,streaming,confirmed,day,Original Netflix global season premiere record.,,legacy-retained,,,,
the-punisher-s2-2019,パニッシャー S2,The Punisher S2,パニッシャー シーズン2,2019年,2019,series season,released,LEGACY-MAIN,ディフェンダーズ・サーガ,Defenders Saga,legacy Marvel Television / Netflix,established,,,,,"Characters/continuity are directly continued into MCU-era appearances; chart as a legacy branch, not as a Phase.",mcu-main,340,main,confirmed,Disney+「MCUコンプリート 時系列順」（2025-03-31）を基準。,2019-01-18,2019.01.18,streaming,confirmed,day,Original Netflix global season premiere record.,,legacy-retained,,,,
jessica-jones-s3-2019,ジェシカ・ジョーンズ S3,Jessica Jones S3,ジェシカ・ジョーンズ シーズン3,2019年,2019,series season,released,LEGACY-MAIN,ディフェンダーズ・サーガ,Defenders Saga,legacy Marvel Television / Netflix,established,,,,,"Characters/continuity are directly continued into MCU-era appearances; chart as a legacy branch, not as a Phase.",mcu-main,350,main,confirmed,Disney+「MCUコンプリート 時系列順」（2025-03-31）を基準。,2019-06-14,2019.06.14,streaming,confirmed,day,Original Netflix global season premiere record.,,legacy-retained,,,,
spider-man-2002,スパイダーマン,Spider-Man,スパイダーマン,2002年,2002,film,released,LEGACY-MAIN,ライミ版スパイダーマン,Raimi Spider-Man,Sony legacy universe,verified-current,,,,,Directly bridged by Spider-Man: No Way Home.,raimi,10,main,confirmed,三部作の続編関係のみを表示。,2002-05-03,2002.05.03,theatrical,confirmed,day,Original distributor U.S. theatrical release record.,,legacy-retained,,,,
spider-man-2-2004,スパイダーマン2,Spider-Man 2,スパイダーマン2,2004年,2004,film,released,LEGACY-MAIN,ライミ版スパイダーマン,Raimi Spider-Man,Sony legacy universe,verified-current,,,,,Directly bridged by Spider-Man: No Way Home.,raimi,20,main,confirmed,三部作の続編関係のみを表示。,2004-06-30,2004.06.30,theatrical,confirmed,day,Original distributor U.S. theatrical release record.,,legacy-retained,,,,
spider-man-3-2007,スパイダーマン3,Spider-Man 3,スパイダーマン3,2007年,2007,film,released,LEGACY-MAIN,ライミ版スパイダーマン,Raimi Spider-Man,Sony legacy universe,verified-current,,,,,Directly bridged by Spider-Man: No Way Home.,raimi,30,main,confirmed,三部作の続編関係のみを表示。,2007-05-04,2007.05.04,theatrical,confirmed,day,Original distributor U.S. theatrical release record.,,legacy-retained,,,,
the-amazing-spider-man-2012,アメイジング・スパイダーマン,The Amazing Spider-Man,アメイジング・スパイダーマン,2012年,2012,film,released,LEGACY-MAIN,アメイジング・スパイダーマン,Webb Amazing Spider-Man,Sony legacy universe,verified-current,,,,,Directly bridged by Spider-Man: No Way Home.,amazing,10,main,confirmed,二部作の続編関係のみを表示。,2012-07-03,2012.07.03,theatrical,confirmed,day,Original distributor U.S. theatrical release record.,,legacy-retained,,,,
the-amazing-spider-man-2-2014,アメイジング・スパイダーマン2,The Amazing Spider-Man 2,アメイジング・スパイダーマン2,2014年,2014,film,released,LEGACY-MAIN,アメイジング・スパイダーマン,Webb Amazing Spider-Man,Sony legacy universe,verified-current,,,,,Directly bridged by Spider-Man: No Way Home.,amazing,20,main,confirmed,二部作の続編関係のみを表示。,2014-05-02,2014.05.02,theatrical,confirmed,day,Original distributor U.S. theatrical release record.,,legacy-retained,,,,
x-men-2000,X-MEN,X-Men,X-MEN,2000年,2000,film,released,LEGACY-MAIN,20世紀FOX X-MEN／デッドプール,Fox X-Men / Deadpool,Fox mutant film continuity,established,,,,,Branch feeds Deadpool & Wolverine; Doomsday officially signals the X-Men's return.,fox-xmen,30,original,confirmed,旧系列。,2000-07-14,2000.07.14,theatrical,confirmed,day,Original distributor U.S. theatrical release record.,,legacy-retained,,,,
x2-x-men-united-2003,X-MEN2,X2: X-Men United,X-MEN2,2003年,2003,film,released,LEGACY-MAIN,20世紀FOX X-MEN／デッドプール,Fox X-Men / Deadpool,Fox mutant film continuity,established,,,,,Branch feeds Deadpool & Wolverine; Doomsday officially signals the X-Men's return.,fox-xmen,40,original,confirmed,旧系列。,2003-05-02,2003.05.02,theatrical,confirmed,day,Original distributor U.S. theatrical release record.,,legacy-retained,,,,
x-men-the-last-stand-2006,X-MEN：ファイナル ディシジョン,X-Men: The Last Stand,X-MEN：ファイナル ディシジョン,2006年,2006,film,released,LEGACY-MAIN,20世紀FOX X-MEN／デッドプール,Fox X-Men / Deadpool,Fox mutant film continuity,established,,,,,Branch feeds Deadpool & Wolverine; Doomsday officially signals the X-Men's return.,fox-xmen,50,original,confirmed,旧系列。,2006-05-26,2006.05.26,theatrical,confirmed,day,Original distributor U.S. theatrical release record.,,legacy-retained,,,,
x-men-origins-wolverine-2009,ウルヴァリン：X-MEN ZERO,X-Men Origins: Wolverine,ウルヴァリン：X-MEN ZERO,2009年,2009,film,released,LEGACY-MAIN,20世紀FOX X-MEN／デッドプール,Fox X-Men / Deadpool,Fox mutant film continuity,established,,,,,Branch feeds Deadpool & Wolverine; Doomsday officially signals the X-Men's return.,fox-xmen,20,original,confirmed,旧系列。絶対年代は表示しない。,2009-05-01,2009.05.01,theatrical,confirmed,day,Original distributor U.S. theatrical release record.,,legacy-retained,,,,
x-men-first-class-2011,X-MEN：ファースト・ジェネレーション,X-Men: First Class,X-MEN：ファースト・ジェネレーション,2011年,2011,film,released,LEGACY-MAIN,20世紀FOX X-MEN／デッドプール,Fox X-Men / Deadpool,Fox mutant film continuity,established,,,,,Branch feeds Deadpool & Wolverine; Doomsday officially signals the X-Men's return.,fox-xmen,10,shared-origin,confirmed,分岐以前の共通起点として表示。,2011-06-03,2011.06.03,theatrical,confirmed,day,Original distributor U.S. theatrical release record.,,legacy-retained,,,,
the-wolverine-2013,ウルヴァリン：SAMURAI,The Wolverine,ウルヴァリン：SAMURAI,2013年,2013,film,released,LEGACY-MAIN,20世紀FOX X-MEN／デッドプール,Fox X-Men / Deadpool,Fox mutant film continuity,established,,,,,Branch feeds Deadpool & Wolverine; Doomsday officially signals the X-Men's return.,fox-xmen,60,original,confirmed,旧系列。,2013-07-26,2013.07.26,theatrical,confirmed,day,Original distributor U.S. theatrical release record.,,legacy-retained,,,,
x-men-days-of-future-past-2014,X-MEN：フューチャー＆パスト,X-Men: Days of Future Past,X-MEN：フューチャー＆パスト,2014年,2014,film,released,LEGACY-MAIN,20世紀FOX X-MEN／デッドプール,Fox X-Men / Deadpool,Fox mutant film continuity,established,,,,,Branch feeds Deadpool & Wolverine; Doomsday officially signals the X-Men's return.,fox-xmen,70,pivot,confirmed,過去改変を伴う分岐点として表示。,2014-05-23,2014.05.23,theatrical,confirmed,day,Original distributor U.S. theatrical release record.,,legacy-retained,,,,
deadpool-2016,デッドプール,Deadpool,デッドプール,2016年,2016,film,released,LEGACY-MAIN,20世紀FOX X-MEN／デッドプール,Fox X-Men / Deadpool,Fox mutant film continuity,established,,,,,Branch feeds Deadpool & Wolverine; Doomsday officially signals the X-Men's return.,fox-xmen,100,revised-side,ambiguous,FOX X-MEN群の側線として表示し、厳密な合流点は固定しない。,2016-02-12,2016.02.12,theatrical,confirmed,day,Original distributor U.S. theatrical release record.,,legacy-retained,,,,
x-men-apocalypse-2016,X-MEN：アポカリプス,X-Men: Apocalypse,X-MEN：アポカリプス,2016年,2016,film,released,LEGACY-MAIN,20世紀FOX X-MEN／デッドプール,Fox X-Men / Deadpool,Fox mutant film continuity,established,,,,,Branch feeds Deadpool & Wolverine; Doomsday officially signals the X-Men's return.,fox-xmen,80,revised,confirmed,改変後系列。,2016-05-27,2016.05.27,theatrical,confirmed,day,Original distributor U.S. theatrical release record.,,legacy-retained,,,,
logan-2017,LOGAN／ローガン,Logan,LOGAN／ローガン,2017年,2017,film,released,LEGACY-MAIN,20世紀FOX X-MEN／デッドプール,Fox X-Men / Deadpool,Fox mutant film continuity,established,,,,,Branch feeds Deadpool & Wolverine; Doomsday officially signals the X-Men's return.,fox-xmen,120,ambiguous,ambiguous,位置づけに解釈差があるため、枝へ強制接続しない。,2017-03-03,2017.03.03,theatrical,confirmed,day,Original distributor U.S. theatrical release record.,,legacy-retained,,,,
deadpool-2-2018,デッドプール2,Deadpool 2,デッドプール2,2018年,2018,film,released,LEGACY-MAIN,20世紀FOX X-MEN／デッドプール,Fox X-Men / Deadpool,Fox mutant film continuity,verified-current,,,,,Branch feeds Deadpool & Wolverine; Doomsday officially signals the X-Men's return.,fox-xmen,110,revised-side,ambiguous,FOX X-MEN群の側線として表示し、厳密な合流点は固定しない。,2018-05-18,2018.05.18,theatrical,confirmed,day,Original distributor U.S. theatrical release record.,,legacy-retained,,,,
dark-phoenix-2019,X-MEN：ダーク・フェニックス,Dark Phoenix,X-MEN：ダーク・フェニックス,2019年,2019,film,released,LEGACY-MAIN,20世紀FOX X-MEN／デッドプール,Fox X-Men / Deadpool,Fox mutant film continuity,established,,,,,Branch feeds Deadpool & Wolverine; Doomsday officially signals the X-Men's return.,fox-xmen,90,revised,confirmed,改変後系列。,2019-06-07,2019.06.07,theatrical,confirmed,day,Original distributor U.S. theatrical release record.,,legacy-retained,,,,
the-new-mutants-2020,ニュー・ミュータント,The New Mutants,ニュー・ミュータント,2020年,2020,film,released,LEGACY-MAIN,20世紀FOX X-MEN／デッドプール,Fox X-Men / Deadpool,Fox mutant film continuity,established,,,,,Branch feeds Deadpool & Wolverine; Doomsday officially signals the X-Men's return.,fox-xmen,130,ambiguous,ambiguous,根拠のない直接リンクを作らず、位置づけ保留として表示。,2020-08-28,2020.08.28,theatrical,confirmed,day,Original distributor U.S. theatrical release record.,,legacy-retained,,,,
blade-1998-1998,ブレイド,Blade (1998),ブレイド,1998年,1998,film,released,LEGACY-SUPPLEMENT,旧ブレイド,Blade legacy,legacy film universe,established,,,,,Include in detailed multiverse sheet; not a direct sequel path into MCU.,,,,,,1998-08-21,1998.08.21,theatrical,confirmed,day,Original distributor U.S. theatrical release record.,,legacy-retained,,,,
blade-ii-2002,ブレイド2,Blade II,ブレイド2,2002年,2002,film,released,LEGACY-SUPPLEMENT,旧ブレイド,Blade legacy,legacy film universe,established,,,,,Include in detailed multiverse sheet; not a direct sequel path into MCU.,,,,,,2002-03-22,2002.03.22,theatrical,confirmed,day,Original distributor U.S. theatrical release record.,,legacy-retained,,,,
blade-trinity-2004,ブレイド3,Blade: Trinity,ブレイド3,2004年,2004,film,released,LEGACY-SUPPLEMENT,旧ブレイド,Blade legacy,legacy film universe,established,,,,,Include in detailed multiverse sheet; not a direct sequel path into MCU.,,,,,,2004-12-08,2004.12.08,theatrical,confirmed,day,Original distributor U.S. theatrical release record.,,legacy-retained,,,,
daredevil-2003,デアデビル（2003）,Daredevil,デアデビル,2003年,2003,film,released,LEGACY-SUPPLEMENT,旧デアデビル／エレクトラ,Fox/Regency Daredevil-Elektra,legacy film universe,established,,,,,Include in detailed multiverse sheet; not a direct sequel path into MCU.,,,,,,2003-02-14,2003.02.14,theatrical,confirmed,day,Original distributor U.S. theatrical release record.,,legacy-retained,,,,
elektra-2005,エレクトラ,Elektra,エレクトラ,2005年,2005,film,released,LEGACY-SUPPLEMENT,旧デアデビル／エレクトラ,Fox/Regency Daredevil-Elektra,legacy film universe,established,,,,,Include in detailed multiverse sheet; not a direct sequel path into MCU.,,,,,,2005-01-14,2005.01.14,theatrical,confirmed,day,Original distributor U.S. theatrical release record.,,legacy-retained,,,,
fantastic-four-2005,ファンタスティック・フォー ［超能力ユニット］,Fantastic Four,ファンタスティック・フォー［超能力ユニット］,2005年,2005,film,released,LEGACY-SUPPLEMENT,旧ファンタスティック・フォー,Fox Fantastic Four,legacy film universe,established,,,,,Include in detailed multiverse sheet; not a direct sequel path into MCU.,,,,,,2005-07-08,2005.07.08,theatrical,confirmed,day,Original distributor U.S. theatrical release record.,,legacy-retained,,,,
fantastic-four-rise-of-the-silver-surfer-2007,ファンタスティック・フォー：銀河の危機,Fantastic Four: Rise of the Silver Surfer,ファンタスティック・フォー：銀河の危機,2007年,2007,film,released,LEGACY-SUPPLEMENT,旧ファンタスティック・フォー,Fox Fantastic Four,legacy film universe,established,,,,,Include in detailed multiverse sheet; not a direct sequel path into MCU.,,,,,,2007-06-15,2007.06.15,theatrical,confirmed,day,Original distributor U.S. theatrical release record.,,legacy-retained,,,,
venom-2018,ヴェノム,Venom,ヴェノム,2018年,2018,film,released,OPTIONAL,ソニー・スパイダーマン・ユニバース,Sony's Spider-Man Universe,SSU,established,,,,,Venom branch has an explicit MCU multiverse/post-credit bridge; other SSU titles are best shown as same-universe/adjacent rather than direct MCU edges.,ssu,10,venom-line,confirmed,Venom 三部作として連続表示。,2018-10-05,2018.10.05,theatrical,confirmed,day,Original distributor U.S. theatrical release record.,,legacy-retained,,,,
venom-let-there-be-carnage-2021,ヴェノム：レット・ゼア・ビー・カーネイジ,Venom: Let There Be Carnage,ヴェノム：レット・ゼア・ビー・カーネイジ,2021年,2021,film,released,OPTIONAL,ソニー・スパイダーマン・ユニバース,Sony's Spider-Man Universe,SSU,established,,,,,Venom branch has an explicit MCU multiverse/post-credit bridge; other SSU titles are best shown as same-universe/adjacent rather than direct MCU edges.,ssu,20,venom-line,confirmed,Venom 三部作として連続表示。,2021-10-01,2021.10.01,theatrical,confirmed,day,Original distributor U.S. theatrical release record.,,legacy-retained,,,,
morbius-2022,モービウス,Morbius,モービウス,2022年,2022,film,released,OPTIONAL,ソニー・スパイダーマン・ユニバース,Sony's Spider-Man Universe,SSU,established,,,,,Venom branch has an explicit MCU multiverse/post-credit bridge; other SSU titles are best shown as same-universe/adjacent rather than direct MCU edges.,ssu,200,standalone,ambiguous,同一の一本線へ強制接続せず、独立作品枠として表示。,2022-04-01,2022.04.01,theatrical,confirmed,day,Original distributor U.S. theatrical release record.,,legacy-retained,,,,
madame-web-2024,マダム・ウェブ,Madame Web,マダム・ウェブ,2024年,2024,film,released,OPTIONAL,ソニー・スパイダーマン・ユニバース,Sony's Spider-Man Universe,SSU,established,,,,,Venom branch has an explicit MCU multiverse/post-credit bridge; other SSU titles are best shown as same-universe/adjacent rather than direct MCU edges.,ssu,210,standalone,ambiguous,同一の一本線へ強制接続せず、独立作品枠として表示。,2024-02-14,2024.02.14,theatrical,confirmed,day,Original distributor U.S. theatrical release record.,,legacy-retained,,,,
venom-the-last-dance-2024,ヴェノム：ザ・ラストダンス,Venom: The Last Dance,ヴェノム：ザ・ラストダンス,2024年,2024,film,released,OPTIONAL,ソニー・スパイダーマン・ユニバース,Sony's Spider-Man Universe,SSU,established,,,,,Venom branch has an explicit MCU multiverse/post-credit bridge; other SSU titles are best shown as same-universe/adjacent rather than direct MCU edges.,ssu,30,venom-line,confirmed,Venom 三部作として連続表示。,2024-10-25,2024.10.25,theatrical,confirmed,day,Original distributor U.S. theatrical release record.,,legacy-retained,,,,
kraven-the-hunter-2024,クレイヴン・ザ・ハンター,Kraven the Hunter,クレイヴン・ザ・ハンター,2024年,2024,film,released,OPTIONAL,ソニー・スパイダーマン・ユニバース,Sony's Spider-Man Universe,SSU,established,,,,,Venom branch has an explicit MCU multiverse/post-credit bridge; other SSU titles are best shown as same-universe/adjacent rather than direct MCU edges.,ssu,220,standalone,ambiguous,同一の一本線へ強制接続せず、独立作品枠として表示。,2024-12-13,2024.12.13,theatrical,confirmed,day,Original distributor U.S. theatrical release record.,,legacy-retained,,,,
spider-man-into-the-spider-verse-2018,スパイダーマン：スパイダーバース,Spider-Man: Into the Spider-Verse,スパイダーマン：スパイダーバース,2018年,2018,animated film,released,OPTIONAL,スパイダーバース・アニメーション,Spider-Verse animation,Sony Animation multiverse,established,,,,,Use a weak/reference edge only; do not imply MCU story continuity.,,,,,,2018-12-14,2018.12.14,theatrical,confirmed,day,Original distributor U.S. theatrical release record.,,legacy-retained,,,,
spider-man-across-the-spider-verse-2023,スパイダーマン：アクロス・ザ・スパイダーバース,Spider-Man: Across the Spider-Verse,スパイダーマン：アクロス・ザ・スパイダーバース,2023年,2023,animated film,released,OPTIONAL,スパイダーバース・アニメーション,Spider-Verse animation,Sony Animation multiverse,established,,,,,Use a weak/reference edge only; do not imply MCU story continuity.,,,,,,2023-06-02,2023.06.02,theatrical,confirmed,day,Original distributor U.S. theatrical release record.,,legacy-retained,,,,
spider-man-beyond-the-spider-verse-tba,スパイダーマン：ビヨンド・ザ・スパイダーバース,Spider-Man: Beyond the Spider-Verse,スパイダーマン：ビヨンド・ザ・スパイダーバース,2027年6月18日,2027-06-18,animated film,announced/upcoming,OPTIONAL,スパイダーバース・アニメーション,Spider-Verse animation,Sony Animation multiverse,established,,,https://www.sony.com/ja/SonyInfo/blog/2026/05/19/,Sony Group CinemaCon 2026公式。米国公開日は2027年6月18日。,Use a weak/reference edge only; do not imply MCU story continuity.,,,,,,2027-06-18,2027.06.18,theatrical,confirmed,day,"Sony Group FY2025 Q4 release schedule and CinemaCon 2026: U.S. theatrical release June 18, 2027.",,official-current,https://www.sony.com/ja/SonyInfo/blog/2026/05/19/,2026-08-26,2025年発表6/4から2026年Sony Group公式6/18へ更新。,work_idは互換性のため維持。公開日更新でもIDは改名しない。
marvel-s-agent-carter-series-20152016,エージェント・カーター（ドラマ）,Marvel's Agent Carter (Series),エージェント・カーター,2015～2016年,2015–2016,series,released,LEGACY-MAIN,旧マーベル・テレビジョン（ABC／Hulu）,ABC/Hulu-era Marvel Television,legacy/ambiguous relative to current MCU,established,,,,,Peggy Carter continuity; Edwin Jarvis later appears in Avengers: Endgame. Treat separately from more ambiguous ABC/Hulu-era entries.,,,,,,2015-01-06,2015.01.06,series-start,confirmed,day,Original U.S. broadcaster/streamer series premiere record.,,legacy-retained,,,,
agents-of-s-h-i-e-l-d-20132020,エージェント・オブ・シールド,Agents of S.H.I.E.L.D.,エージェント・オブ・シールド,2013～2020年,2013–2020,series,released,APPENDIX,旧マーベル・テレビジョン（ABC／Hulu）,ABC/Hulu-era Marvel Television,legacy/ambiguous relative to current MCU,established,,,,,Show in an appendix with a caution marker; avoid asserting present-day MCU canon solely from old cross-references.,,,,,,2013-09-24,2013.09.24,series-start,confirmed,day,Original U.S. broadcaster/streamer series premiere record.,,legacy-retained,,,,
inhumans-2017,インヒューマンズ,Inhumans,インヒューマンズ,2017年,2017,series,released,APPENDIX,旧マーベル・テレビジョン（ABC／Hulu）,ABC/Hulu-era Marvel Television,legacy/ambiguous relative to current MCU,established,,,,,Show in an appendix with a caution marker; avoid asserting present-day MCU canon solely from old cross-references.,,,,,,2017-09-01,2017.09.01,imax-series-start,confirmed,day,Original official IMAX public premiere of the first two episodes; ABC broadcast followed later.,,legacy-retained,,,,
runaways-20172019,ランナウェイズ,Runaways,ランナウェイズ,2017～2019年,2017–2019,series,released,APPENDIX,旧マーベル・テレビジョン（ABC／Hulu）,ABC/Hulu-era Marvel Television,legacy/ambiguous relative to current MCU,established,,,,,Show in an appendix with a caution marker; avoid asserting present-day MCU canon solely from old cross-references.,,,,,,2017-11-21,2017.11.21,series-start,confirmed,day,Original U.S. broadcaster/streamer series premiere record.,,legacy-retained,,,,
cloak-dagger-20182019,クローク＆ダガー,Cloak & Dagger,クローク＆ダガー,2018～2019年,2018–2019,series,released,APPENDIX,旧マーベル・テレビジョン（ABC／Hulu）,ABC/Hulu-era Marvel Television,legacy/ambiguous relative to current MCU,established,,,,,Show in an appendix with a caution marker; avoid asserting present-day MCU canon solely from old cross-references.,,,,,,2018-06-07,2018.06.07,series-start,confirmed,day,Original U.S. broadcaster/streamer series premiere record.,,legacy-retained,,,,
x-men-the-animated-series-19921997,X-MEN（アニメシリーズ）,X-Men: The Animated Series,X-MEN（アニメシリーズ）,1992～1997年,1992–1997,animated series,released,LEGACY-MAIN,X-MEN アニメ系,X-Men animated continuity,1990s animated continuity,established,,,,,Marvel describes X-Men '97 as new stories in the iconic '90s timeline of the original series.,,,,,,1992-10-31,1992.10.31,series-start,confirmed,day,Original U.S. broadcaster/streamer series premiere record.,,legacy-retained,,,,
the-consultant-2011,ザ・コンサルタント,The Consultant,マーベル・ワンショット：ザ・コンサルタント,2011年,2011,short film,released,SUPPLEMENT,マーベル・ワンショット,Marvel One-Shots,short-form MCU,unverified-localization,,,,,Links The Incredible Hulk/SHIELD material into the early Avengers-era connective tissue.,,,,,,2011-09-13,2011.09.13,home-video,confirmed,day,Original Marvel home-video/Blu-ray release record.,,legacy-retained,,,,
a-funny-thing-happened-on-the-way-to-thor-s-hammer-2011,ソーのハンマーへの道中での出来事,A Funny Thing Happened on the Way to Thor's Hammer,マーベル・ワンショット：ソーのハンマーへの道中での出来事,2011年,2011,short film,released,SUPPLEMENT,マーベル・ワンショット,Marvel One-Shots,short-form MCU,unverified-localization,,,,,Coulson short between Iron Man 2 and Thor-era events.,,,,,,2011-10-25,2011.10.25,home-video,confirmed,day,Original Marvel home-video/Blu-ray release record.,,legacy-retained,,,,
item-47-2012,アイテム47,Item 47,マーベル・ワンショット：アイテム47,2012年,2012,short film,released,SUPPLEMENT,マーベル・ワンショット,Marvel One-Shots,short-form MCU,established,,,,,Post-Avengers SHIELD short.,,,,,,2012-09-25,2012.09.25,home-video,confirmed,day,Original Marvel home-video/Blu-ray release record.,,legacy-retained,,,,
agent-carter-one-shot-2013,エージェント・カーター（ワンショット）,Agent Carter (One-Shot),マーベル・ワンショット：エージェント・カーター,2013年,2013,short film,released,SUPPLEMENT,マーベル・ワンショット,Marvel One-Shots,short-form MCU,established,,,,,Peggy Carter short; precursor/companion to later Agent Carter material.,,,,,,2013-09-24,2013.09.24,home-video,confirmed,day,Original Marvel home-video/Blu-ray release record.,,legacy-retained,,,,
all-hail-the-king-2014,オール・ヘイル・ザ・キング,All Hail the King,マーベル・ワンショット：オール・ヘイル・ザ・キング,2014年,2014,short film,released,SUPPLEMENT,マーベル・ワンショット,Marvel One-Shots,short-form MCU,unverified-localization,,,,,Trevor Slattery follow-up after Iron Man 3; important to Shang-Chi and Wonder Man.,,,,,,2014-02-25,2014.02.25,home-video,confirmed,day,Original Marvel home-video/Blu-ray release record.,,legacy-retained,,,,
